skeleton,n_treenodes_left,n_inputs_left,n_outputs_left,n_treenodes_right,n_inputs_right,n_outputs_right
29,0,0,0,2954,203,90
677717,0,0,0,2200,100,28
855719,0,0,0,407,0,0
858479,0,0,0,220,0,0
865151,0,0,0,95,0,0
867393,0,0,0,1916,41,50
869360,0,0,0,385,0,0
8124177,0,0,0,2554,73,37
1065967,349,1,0,1117,38,0
1137946,0,0,0,2198,110,64
1141813,0,0,0,1461,44,22
1591270,1504,39,65,584,1,0
1622901,1643,137,19,0,0,0
1646076,2265,119,39,290,4,17
1678567,2793,396,17,0,0,0
1679034,1301,26,32,0,0,0
1805406,0,0,0,1643,45,23
1805418,0,0,0,1988,67,39
1805669,0,0,0,1658,87,28
2775943,0,0,0,1849,57,13
7874184,0,0,0,1851,73,17
1868538,581,8,34,2631,121,36
7555968,0,0,0,3027,166,66
8717219,0,0,0,1997,89,17
5656152,951,12,29,2664,103,19
5657004,3392,189,21,842,10,28
2355126,684,2,4,1201,76,0
2142817,1816,99,24,566,19,38
2852273,520,0,2,1287,68,0
2283495,489,0,0,1768,114,0
2204467,1352,58,12,0,0,0
8118929,1207,61,14,0,0,0
8700125,3735,311,58,0,0,0
2260755,467,0,0,1198,33,1
8111135,2620,154,59,0,0,0
7952981,2622,134,68,0,0,0
2369444,5044,432,59,1008,59,67
2379529,1949,51,32,0,0,0
2379544,1706,45,29,0,0,0
7694589,1187,36,13,0,0,0
2357110,569,0,1,1339,86,0
2438653,2510,71,32,605,6,31
2439067,2822,244,19,670,24,33
2439134,3252,200,74,0,0,0
2439150,1618,67,44,0,0,0
2504517,550,7,14,1861,48,29
2505266,577,2,25,1482,45,0
2506050,1133,132,65,4758,356,81
2512602,0,0,0,1032,50,0
8271034,0,0,0,1635,39,6
8247641,0,0,0,4263,326,91
7897051,0,0,0,3490,297,80
8480418,0,0,0,3739,216,44
2568465,3073,238,68,0,0,0
2568522,2200,96,58,473,0,0
4311586,1543,53,56,1530,86,22
2597151,2973,153,65,0,0,0
2612527,3957,304,113,0,0,0
2628785,1388,112,34,1187,54,40
2648254,0,0,0,1484,94,11
2650887,913,44,26,3061,205,38
2652641,931,21,19,0,0,0
2655798,0,0,0,1927,71,0
2659504,975,14,46,1045,38,0
2660767,0,0,0,765,23,0
2663649,0,0,0,1512,89,4
2667061,0,0,0,2841,189,39
2667980,481,11,13,1194,51,5
2669331,439,8,3,1096,52,12
2669844,1391,57,0,2244,92,0
2670619,329,2,0,1380,26,9
2557644,0,0,0,130,6,0
2659386,643,1,1,1298,49,0
2772093,0,0,0,3946,148,50
2775707,0,0,0,2173,78,15
2776773,0,0,0,2814,101,53
2797480,1794,107,37,0,0,0
2842451,0,0,0,36,0,0
2846555,0,0,0,2554,100,53
2854715,0,0,0,3138,200,48
8598886,0,0,0,2063,64,52
2878185,0,0,0,1462,45,13
2881070,0,0,0,2379,101,72
2885630,0,0,0,2501,89,45
2914206,0,0,0,3006,144,88
2910892,1058,25,7,0,0,0
2911847,1050,8,26,5139,254,13
2920061,1126,23,25,2038,86,13
2920554,1055,16,27,4068,227,15
2932028,0,0,0,3471,166,53
2935173,0,0,0,3227,148,49
2935198,0,0,0,2741,136,34
2963280,0,0,0,5098,227,67
2964760,1046,37,22,0,0,0
2966602,3739,349,23,606,49,42
8689674,2642,133,10,1841,149,46
2979486,1732,78,29,336,14,16
2979675,1845,105,51,0,0,0
2988292,2721,126,61,0,0,0
3002410,0,0,0,3278,100,36
5712849,1555,51,29,479,0,13
5730322,0,0,0,2918,54,40
5731448,0,0,0,965,0,0
5734134,1065,14,29,2594,67,52
7431625,0,0,0,3433,155,42
5738449,610,25,29,2760,235,31
5744058,2189,82,34,455,7,27
5744502,1266,35,34,0,0,0
5745110,2478,116,28,668,12,19
5746180,1845,81,22,599,35,26
5747036,1736,108,21,0,0,0
5750884,3908,179,27,608,10,29
5754346,2896,147,0,437,1,3
5755261,2129,79,35,0,0,0
5757817,84,0,0,887,0,0
5759393,678,0,0,0,0,0
5760480,1735,77,19,0,0,0
5762666,3382,207,34,903,20,35
5763407,1280,59,0,0,0,0
5764924,1415,86,0,462,2,1
5767836,1313,38,26,0,0,0
5768240,1507,46,38,0,0,0
5769582,3155,188,30,539,15,18
5770448,892,0,0,0,0,0
5771934,0,0,0,2474,108,41
5778133,1003,18,16,0,0,0
5782947,0,0,0,1879,26,27
5783868,0,0,0,3132,190,0
5786898,0,0,0,3128,161,55
5790355,0,0,0,2876,132,50
5791548,0,0,0,3041,127,21
5794678,0,0,0,2967,169,1
5805651,764,16,33,2462,104,24
5816138,0,0,0,1927,42,47
5818143,0,0,0,391,0,0
5835799,0,0,0,3673,213,155
5836035,0,0,0,2447,150,112
5836181,0,0,0,2503,131,62
5836206,79,0,5,3990,236,187
7891312,0,0,0,2959,166,93
5855343,0,0,0,1868,91,19
5856647,779,52,54,2190,126,18
5858788,0,0,0,1008,53,8
5859372,833,31,30,2174,99,17
5865628,1378,48,0,352,2,19
5869204,0,0,0,2321,99,0
5870071,1872,158,68,0,0,0
5890323,0,0,0,1950,68,0
5893912,0,0,0,1369,60,33
5895651,0,0,0,1084,27,40
8922644,2335,238,33,917,59,27
5247102,0,0,0,4535,303,104
5261424,3849,223,61,0,0,0
5289042,1598,46,51,0,0,0
5291791,4444,325,129,0,0,0
5319633,0,0,0,2452,193,0
5322337,1608,53,34,0,0,0
5327961,1269,66,34,0,0,0
5369028,0,0,0,1343,44,56
5395823,3341,636,55,0,0,0
5462159,2538,211,2,498,1,0
5476653,443,17,25,1178,13,36
7843730,2352,196,86,0,0,0
5480553,835,24,40,1619,36,53
5500958,406,1,0,1679,76,0
5503982,0,0,0,1158,26,39
5512988,0,0,0,3470,183,0
5516552,0,0,0,2843,143,66
5517913,0,0,0,970,2,0
5523203,0,0,0,792,12,3
5545085,0,0,0,1516,22,28
5558724,111,0,3,262,0,0
5559657,0,0,0,106,0,0
5560620,0,0,0,1670,37,58
5577650,1193,34,24,0,0,0
5585799,1069,6,29,3010,105,28
5590611,0,0,0,1277,32,26
5591201,0,0,0,1848,49,35
5592307,314,20,15,1747,58,41
5593689,0,0,0,643,0,0
5594467,0,0,0,523,0,0
5080991,1231,27,41,0,0,0
1961182,1950,53,10,926,13,35
5669107,791,9,21,5143,348,47
8297018,778,48,28,2731,243,40
5671303,1292,29,20,0,0,0
5675990,2148,136,53,0,0,0
5678582,1447,48,45,0,0,0
5679304,2050,116,53,0,0,0
5680013,1630,134,1,0,0,0
5681132,2855,276,61,0,0,0
5684940,1224,53,0,0,0,0
5686901,564,0,0,0,0,0
5688091,1957,51,0,688,10,18
5689639,1445,63,11,0,0,0
5690425,2347,112,2,0,0,0
5691934,5082,301,50,898,36,36
5700090,927,7,44,4099,161,45
5704424,922,30,31,0,0,0
5708994,2231,42,32,564,5,16
3928522,1906,125,1,1085,2,0
3928574,1738,82,0,0,0,0
3928652,1998,82,0,0,0,0
3930411,0,0,0,2889,80,60
3931398,4397,316,23,650,28,28
3932136,0,0,0,3993,173,67
3944330,1129,43,1,385,0,1
3944626,5255,307,15,0,0,0
3945136,1603,79,0,1224,23,24
3945225,2151,102,13,331,2,19
3945232,2007,77,36,507,3,26
3945246,2463,374,1,1075,34,68
3945394,2162,99,13,505,8,19
3945454,1798,70,24,658,11,37
3945756,3713,160,56,695,17,38
3946166,2983,275,0,1126,19,41
3946364,2474,145,50,0,0,0
3946432,2222,100,39,0,0,0
3946569,1942,85,36,0,0,0
3979181,2200,144,0,0,0,0
4012491,0,0,0,472,0,0
4017464,0,0,0,3993,316,87
4022539,1243,62,79,6284,794,20
4067286,768,39,46,2924,264,49
4099900,0,0,0,4553,232,82
4101295,0,0,0,2625,140,42
4101621,0,0,0,3683,197,65
4102413,0,0,0,4382,223,73
4103336,0,0,0,2895,198,63
4108016,3216,143,41,0,0,0
4108720,0,0,0,2998,116,42
4110483,1226,51,1,0,0,0
4114133,0,0,0,3317,253,49
4116174,1130,70,32,2068,210,40
4119387,0,0,0,6371,622,101
4126720,0,0,0,384,0,1
4126726,0,0,0,365,0,0
4127096,0,0,0,1232,73,25
4127707,0,0,0,1981,114,23
4127905,0,0,0,1207,7,14
4127926,567,12,18,2419,118,32
4127938,0,0,0,1896,63,27
4127944,0,0,0,1828,28,27
4127963,0,0,0,641,0,0
4127978,0,0,0,393,0,0
4127987,0,0,0,200,0,0
4130960,0,0,0,4778,176,97
4390116,0,0,0,2095,77,32
4117305,3036,207,156,0,0,0
4134539,3449,206,167,0,0,0
4354933,2534,164,73,0,0,0
4379508,1978,87,1,922,19,60
4379603,2144,98,43,0,0,0
4381129,1728,123,3,1662,158,55
4381377,3130,246,0,2910,343,87
4391317,3328,154,65,0,0,0
4391978,0,0,0,4228,247,108
4393026,2586,65,29,807,8,31
4393049,0,0,0,1779,46,46
4393350,1077,19,19,2231,71,23
4398543,1821,67,25,329,9,18
4400767,1048,33,0,722,0,0
4635057,2088,111,65,0,0,0
4408362,1737,92,32,0,0,0
4408369,3310,164,40,731,34,18
4408397,3631,370,36,1030,49,56
4409374,1660,92,0,747,41,36
4411505,3959,201,230,0,0,0
4411542,0,0,0,3956,232,84
4411688,1108,57,41,3875,415,34
4412036,3821,240,241,0,0,0
4412315,3094,157,198,0,0,0
4414163,4288,418,94,1232,136,41
4414184,1549,195,61,4538,373,84
4422289,4290,246,61,757,14,57
4433197,1112,54,1,788,26,39
4433960,2430,153,36,0,0,0
4444354,0,0,0,2938,204,149
4453485,1461,82,0,721,0,0
8118947,3015,227,85,0,0,0
4493199,1849,138,66,0,0,0
4506509,1307,73,0,893,0,3
4514494,0,0,0,2911,153,41
4515496,0,0,0,4728,168,77
4518546,3162,152,201,0,0,0
4523584,1464,52,5,683,0,0
4523803,1038,49,1,708,0,0
4636432,2122,92,39,0,0,0
4541081,0,0,0,178,0,0
9445876,3635,232,64,0,0,0
4575178,0,0,0,2805,192,51
4591713,972,49,42,1769,96,0
4607160,2576,92,56,0,0,0
9097065,0,0,0,2250,113,63
9421292,2615,97,45,0,0,0
4637677,1337,48,27,0,0,0
4651929,0,0,0,2625,187,50
8706074,0,0,0,549,0,0
4662552,0,0,0,424,0,0
4662725,0,0,0,695,7,0
8021456,2338,167,34,0,0,0
4142619,0,0,0,2157,143,37
4144377,0,0,0,2551,204,65
4152020,0,0,0,2610,79,23
4152272,0,0,0,2749,161,51
4154421,3030,170,39,0,0,0
4173633,0,0,0,2479,103,29
4180774,0,0,0,2461,114,66
4185530,0,0,0,2274,103,41
4188290,1549,54,27,0,0,0
4188325,0,0,0,2301,104,67
4190567,365,22,16,1938,110,34
4195012,1293,194,35,2950,378,64
4199033,881,59,49,3937,305,32
4721087,0,0,0,3486,87,52
4201020,699,14,35,2733,99,39
4201555,683,68,27,1830,86,22
4204737,0,0,0,630,0,0
4211235,0,0,0,618,0,0
4214582,972,19,41,3657,227,50
4215611,473,6,4,1570,73,1
4224044,0,0,0,413,1,0
4227304,0,0,0,3344,198,190
4227544,0,0,0,4463,224,128
9051960,2740,232,16,1201,43,44
4227880,0,0,0,3189,129,46
4228105,0,0,0,2615,94,46
5874480,2357,152,39,0,0,0
4230061,0,0,0,4723,286,224
5019924,0,0,0,3329,217,166
4234009,853,24,47,2991,267,41
4234016,0,0,0,2737,112,76
4234559,642,34,29,2098,114,0
4235139,0,0,0,5274,223,63
4241192,0,0,0,3894,274,151
4241237,817,37,33,3787,574,46
4230749,997,173,29,2579,377,55
4260935,2704,125,62,0,0,0
4274518,2784,107,65,0,0,0
4598363,0,0,0,3989,581,62
4279887,2113,147,42,0,0,0
8293958,3618,218,63,0,0,0
4311241,1250,70,44,773,15,0
4319395,0,0,0,1923,75,23
4324479,2156,48,40,0,0,0
4324567,3207,147,56,0,0,0
4324898,0,0,0,3764,176,57
4327684,0,0,0,3981,245,61
4337398,0,0,0,2444,149,54
4346154,0,0,0,2152,86,52
3598000,791,3,3,1541,33,14
3618574,0,0,0,502,3,0
3620633,967,18,42,4825,382,0
3650006,1810,55,32,0,0,0
3679411,0,0,0,590,2,2
3690921,0,0,0,3305,155,44
3707204,0,0,0,3212,152,35
3726990,610,15,29,1076,37,0
3727004,0,0,0,1618,39,0
3727026,37,0,0,1688,40,2
3729496,854,39,1,783,34,0
3729504,498,2,16,1875,68,13
3732322,0,0,0,372,0,0
3755622,503,0,0,0,0,0
3756659,0,0,0,3121,119,49
3762317,686,38,0,1202,55,0
3762787,0,0,0,1418,58,0
3764792,390,1,0,3380,182,0
3765728,0,0,0,3149,156,55
3765735,0,0,0,5731,258,63
3793681,452,9,30,1274,53,14
3793760,739,26,32,4037,271,26
3794023,874,9,62,2210,96,0
3797420,435,7,3,0,0,0
3806573,0,0,0,4247,316,61
3806652,0,0,0,2728,199,7
3814175,0,0,0,3714,163,69
3814635,0,0,0,1834,31,69
3814651,2351,117,36,0,0,0
3814701,4173,159,59,0,0,0
3814853,854,23,26,4899,325,33
3815483,0,0,0,1847,57,2
3819157,2834,163,93,0,0,0
3819171,2404,117,52,0,0,0
3819859,1499,39,32,0,0,0
3820148,1472,71,9,1140,26,21
3844799,0,0,0,2411,67,60
3844961,492,1,12,1457,24,26
3848843,525,1,1,1633,20,11
3869488,0,0,0,3382,177,61
3882998,1531,22,6,420,2,3
3886356,6080,438,79,1734,134,67
3890028,1368,92,72,5803,515,94
3913613,1216,28,46,2721,131,15
3913620,0,0,0,5221,397,75
3913629,0,0,0,4420,275,67
3925724,1207,25,2,0,0,0
3926438,1542,53,1,0,0,0
3926669,1816,59,0,0,0,0
3926904,1130,17,3,92,0,1
4332495,0,0,0,495,0,0
4663662,175,0,0,0,0,0
4663668,314,0,0,0,0,0
4663875,256,0,0,0,0,0
4664256,3515,317,58,0,0,0
4665186,3067,210,61,0,0,0
4665627,0,0,0,1412,93,67
4679139,0,0,0,3587,180,78
4680995,4742,366,19,1039,42,27
4700078,0,0,0,5233,402,78
4721538,2814,175,38,990,27,42
4749004,1227,48,0,1094,76,64
7582412,2226,83,49,0,0,0
4778745,1973,75,26,0,0,0
4780707,2916,194,54,0,0,0
4812481,0,0,0,2729,152,62
4847079,0,0,0,2704,119,22
4849988,0,0,0,2454,169,53
4876704,0,0,0,2205,88,64
4876839,0,0,0,2456,201,44
9048462,1301,41,37,378,9,30
4884579,1614,215,100,4226,395,59
4901087,2202,119,0,1177,14,42
4917442,0,0,0,2811,146,49
4919895,0,0,0,1891,64,12
8177991,3199,156,82,0,0,0
4926999,1544,58,24,0,0,0
8311264,5184,947,178,0,0,0
4966994,2042,133,0,1463,62,56
4982172,0,0,0,2721,137,39
4983938,529,0,0,2517,67,65
4990529,0,0,0,356,0,0
4991243,1307,50,8,0,0,0
5010581,36,0,0,1982,57,11
5033480,2599,119,31,868,14,51
5038920,620,11,20,2213,74,0
5507096,0,0,0,3107,120,48
7802210,1908,258,30,2559,432,41
5051342,0,0,0,4041,214,183
5052370,0,0,0,2319,201,0
5053417,862,8,2,762,11,57
5091874,4873,289,101,0,0,0
5118060,4805,435,84,842,42,52
3862443,1000,33,44,5068,334,66
5745929,2464,92,37,714,6,23
5162462,0,0,0,2285,81,31
5163599,212,7,15,2193,76,10
5164129,0,0,0,3193,118,60
5166338,0,0,0,930,1,0
5167842,0,0,0,2428,51,34
3009700,489,6,4,3701,217,3
3010486,0,0,0,2313,127,52
3021394,105,1,0,565,0,0
3021609,1615,75,31,2009,98,31
3027876,0,0,0,4493,451,44
3043970,1353,57,37,601,28,33
3044500,5252,264,36,1184,24,26
3046503,1549,98,1,697,0,0
3048606,2140,123,0,388,5,3
3054794,263,2,1,0,0,0
3058132,445,12,28,1035,47,13
3060480,2949,157,78,0,0,0
3061422,3007,85,29,1081,14,30
3149791,990,46,39,1894,49,39
3158085,0,0,0,3419,188,65
3158123,2391,150,40,672,23,50
3166745,0,0,0,747,24,14
3166836,0,0,0,1861,46,24
3167039,0,0,0,2541,102,34
3180681,0,0,0,2440,66,34
3182103,0,0,0,2678,118,57
3122533,0,0,0,1721,57,18
3232277,0,0,0,852,43,24
3232808,0,0,0,2390,76,31
3233158,0,0,0,526,1,0
3234817,0,0,0,8517,964,133
3235409,0,0,0,3886,224,69
3251140,0,0,0,1713,95,29
3272218,1007,10,34,3408,115,48
3276003,0,0,0,3680,221,51
3281684,1141,65,0,767,0,0
3347708,0,0,0,4198,242,188
3384681,0,0,0,292,0,0
3414508,41,0,0,1722,112,1
3436420,999,48,10,1961,101,0
3450442,4802,437,86,0,0,0
3450751,3332,115,108,665,0,0
3486381,2531,267,108,0,0,0
3486867,841,25,0,0,0,0
3497901,0,0,0,3041,149,71
3498479,2018,159,16,54,0,0
3522293,0,0,0,2178,90,35
3664102,0,0,0,4655,300,194
3538129,1032,16,58,4684,311,70
3539170,1583,88,2,0,0,0
3543931,1961,46,46,1030,19,36
3561724,472,0,1,1025,77,0
3605630,0,0,0,1136,21,5
3587612,0,0,0,2919,158,76
3595837,834,15,5,1245,26,10
5898284,0,0,0,1597,57,57
5900426,0,0,0,1387,46,2
5902352,1604,74,9,616,7,32
5904499,361,1,0,0,0,0
5934511,961,44,54,1732,88,16
5935744,1166,58,41,909,25,1
5936935,821,41,30,1538,100,6
5937084,4661,323,229,0,0,0
5938794,3003,152,64,0,0,0
5946241,1069,22,38,4609,207,45
5955853,0,0,0,1173,10,2
5956787,3,0,0,1644,30,0
5959820,1365,66,31,0,0,0
5963873,2353,104,67,0,0,0
5966099,1750,139,82,7679,461,74
4598109,544,3,8,3744,264,0
5971400,1818,97,63,5065,348,30
5973097,1095,39,36,3297,170,16
5975584,188,7,6,1473,75,11
5976168,1063,24,37,2892,178,5
5993001,0,0,0,1788,67,18
5993765,0,0,0,1784,71,3
5995125,0,0,0,1166,65,5
5996485,569,6,20,1541,81,8
5999941,0,0,0,261,0,0
6011278,874,47,0,683,32,26
6046598,0,0,0,431,0,1
6047538,0,0,0,352,1,0
6049565,653,45,46,1166,59,9
6061068,0,0,0,3672,192,57
6111289,678,17,17,1886,58,0
6114695,117,0,2,1975,78,14
6125806,10,0,0,1561,86,5
6143930,3760,169,129,3811,199,31
6152239,47,1,1,619,0,0
6153877,0,0,0,2859,271,7
6154200,0,0,0,1870,55,3
6154921,0,0,0,1640,76,0
6155577,0,0,0,1248,35,2
6156152,0,0,0,2904,228,8
6156597,0,0,0,584,0,0
6182848,1050,18,37,1848,94,1
6188181,1134,55,60,2146,156,1
6190181,1327,25,82,3029,307,1
6192490,0,0,0,469,0,0
6193472,547,9,29,3156,139,20
6218461,684,13,18,1318,31,21
6219445,0,0,0,215,5,0
6219781,0,0,0,1193,39,23
6220384,0,0,0,1240,42,38
6221114,0,0,0,399,0,0
6229682,663,4,0,0,0,0
6250655,0,0,0,1152,16,19
6252764,0,0,0,1024,4,14
6254216,0,0,0,1186,4,3
6290724,540,21,34,4559,385,39
6298455,1860,121,19,443,13,23
6300434,470,6,44,4247,453,66
6317793,832,19,28,5387,292,37
6445994,2062,75,2,467,5,2
6446394,555,0,1,2878,210,0
7394271,2825,139,49,0,0,0
6494274,3050,181,37,0,0,0
6494382,2836,102,57,0,0,0
6557581,0,0,0,6281,1127,268
6572414,2773,163,0,449,2,6
6591182,3095,311,17,763,30,44
6597872,772,21,45,3028,317,28
6604203,1188,27,12,316,1,1
6609380,0,0,0,3664,234,66
6610913,780,22,58,2302,130,3
6611100,966,45,51,5128,439,28
6611894,1572,138,89,4099,380,78
5484314,2058,91,36,0,0,0
6623049,1084,68,34,0,0,0
6623089,1200,76,30,0,0,0
6633635,2184,88,23,563,7,25
6651098,608,10,17,760,10,0
6653450,908,13,38,1766,78,0
6692908,645,2,19,3809,182,46
6699205,0,0,0,3185,346,30
6700147,0,0,0,2244,113,0
6702943,365,15,25,1079,68,2
6703240,0,0,0,3554,234,69
8399890,2416,171,63,0,0,0
6704232,3151,162,110,0,0,0
6723364,2676,169,38,0,0,0
6729443,641,31,18,0,0,0
6978516,0,0,0,603,18,0
6978585,2246,94,0,0,0,0
7515491,1902,159,49,0,0,0
7005145,1573,108,6,198,0,0
7005152,812,0,0,154,0,0
7005160,750,0,0,95,0,0
7005168,653,0,0,136,0,0
7005176,507,0,0,66,0,0
7005184,1467,50,0,324,0,0
7025064,2185,100,39,0,0,0
7025831,1324,33,22,0,0,0
7026287,2621,203,16,1432,89,42
8052161,2058,144,53,0,0,0
7053966,3498,248,46,1142,28,43
7055857,2901,521,32,786,48,29
7056904,2874,306,51,0,0,0
7057730,2256,124,32,0,0,0
8974428,1676,63,38,0,0,0
7058243,2707,336,72,0,0,0
7065182,1015,33,43,3362,392,17
7092086,2114,93,57,0,0,0
7092417,1755,137,38,0,0,0
7107433,2419,176,55,0,0,0
7130033,1512,60,6,486,4,14
7168356,2536,81,69,0,0,0
7187384,4738,283,271,0,0,0
7196392,0,0,0,2855,192,87
7198338,1756,144,62,0,0,0
7215582,0,0,0,222,0,0
7227010,1820,46,5,479,0,1
7283193,1614,61,33,0,0,0
7335439,1513,70,0,109,2,0
7338309,1696,53,1,414,0,1
7371184,388,22,32,1918,47,10
7371869,0,0,0,336,0,0
7372611,0,0,0,402,0,0
7373095,0,0,0,559,0,0
7388340,2948,200,56,0,0,0
7421507,23,0,0,5955,426,61
7422253,0,0,0,1638,87,28
7422595,0,0,0,4150,200,45
7429933,0,0,0,5045,209,44
7433824,0,0,0,177,0,0
7439913,695,23,0,0,0,0
7467027,0,0,0,7769,517,153
7449767,356,5,13,1454,54,7
7476468,1554,61,5,0,0,0
7503199,0,0,0,4114,205,99
7529574,75,0,1,1101,5,0
7530253,33,0,1,1329,18,1
7557604,2750,151,66,0,0,0
7563413,0,0,0,1168,33,15
7569260,424,1,0,2355,82,1
7571966,391,1,0,1253,19,1
7573476,398,0,0,1670,74,0
7574701,0,0,0,3567,295,58
7587948,0,0,0,2218,132,5
7589765,88,1,1,2011,89,3
7590264,522,1,2,2360,86,1
7594047,1596,46,91,3459,214,11
7600311,0,0,0,4190,357,70
7612147,0,0,0,5640,460,104
7616956,0,0,0,6415,711,85
7688300,0,0,0,2969,122,53
7690945,0,0,0,2781,165,89
7692008,0,0,0,1818,78,20
7693659,0,0,0,847,0,0
7700444,2295,214,3,1773,82,170
7719118,829,16,45,3091,159,27
8609902,0,0,0,201,0,0
7786053,0,0,0,4033,225,211
7807684,480,7,18,2615,104,17
7829784,0,0,0,2971,168,81
7852250,1837,137,53,0,0,0
7845346,2105,161,54,0,0,0
7851153,1440,44,4,0,0,0
7864823,1891,122,54,0,0,0
7790955,0,0,0,467,0,0
7865652,1971,163,70,0,0,0
7865696,1723,96,25,0,0,0
7865767,1906,169,54,0,0,0
7873135,2462,189,86,0,0,0
7910624,3200,277,57,0,0,0
7916593,2003,107,58,0,0,0
8340950,2745,131,63,0,0,0
7939890,5829,979,232,0,0,0
7939979,6291,1124,232,0,0,0
7941642,4065,379,142,0,0,0
7941652,5185,409,199,0,0,0
7955278,823,8,2,0,0,0
9291938,0,0,0,2485,103,44
7980369,1103,88,47,2575,214,11
7982307,0,0,0,1289,116,1
7982324,0,0,0,1588,90,0
7983899,6084,641,110,0,0,0
8012953,1221,26,27,0,0,0
8019816,977,50,42,2091,147,13
8025665,1297,125,0,1249,20,46
8034919,925,74,50,3600,287,30
8037197,3106,195,52,0,0,0
8039730,418,4,0,0,0,0
8047280,1251,121,6,0,0,0
8065380,0,0,0,4213,206,61
8065771,1160,32,55,4738,323,17
8066171,0,0,0,325,0,0
8066542,0,0,0,4059,263,189
8980589,0,0,0,8895,1614,226
8069432,507,0,0,4171,260,94
8069478,1278,62,52,3521,249,20
9556700,0,0,0,3943,251,190
8066411,0,0,0,1608,53,5
8070872,1601,55,3,250,13,14
8252067,0,0,0,1915,103,30
8253413,0,0,0,2306,175,46
8254894,0,0,0,1394,19,33
8256186,0,0,0,2313,140,71
8259179,0,0,0,393,1,0
8259192,0,0,0,1237,21,3
8259199,0,0,0,465,3,0
8260011,0,0,0,1472,33,7
8260935,0,0,0,216,0,0
8262302,4189,250,241,0,0,0
8262372,5204,365,214,0,0,0
8262503,3441,162,185,0,0,0
8263140,3099,190,116,0,0,0
8263285,2777,162,111,0,0,0
8068173,0,0,0,5029,324,177
7982896,2657,121,27,2567,81,72
8271875,1440,136,40,1237,65,1
8274021,3676,285,69,0,0,0
8274902,0,0,0,2963,192,102
8276782,6281,507,110,0,0,0
8305958,0,0,0,2965,149,40
8307514,0,0,0,3645,195,45
8310087,0,0,0,4290,304,78
8310955,0,0,0,3855,246,71
8313802,0,0,0,1855,68,39
8318678,1905,107,27,0,0,0
8318813,1081,42,41,1408,40,0
8319311,2053,150,48,2803,108,8
8347491,315,0,0,0,0,0
8347613,3280,145,24,509,14,26
8347720,1181,64,15,0,0,0
8347907,720,31,33,0,0,0
8348277,1208,46,15,0,0,0
8349553,360,17,29,1991,123,27
8355834,283,0,0,0,0,0
8356239,236,0,0,0,0,0
8357933,1522,138,2,0,0,0
8368854,155,0,0,0,0,0
8391330,690,44,3,0,0,0
8393981,2440,122,75,0,0,0
8229118,1136,21,23,5151,248,44
8412625,548,12,20,3465,172,40
8413543,0,0,0,1456,34,35
8413663,0,0,0,3715,220,151
8423405,2493,133,44,0,0,0
8423627,248,3,0,0,0,0
8426335,268,2,0,0,0,0
8427677,0,0,0,2308,107,33
8504660,0,0,0,2881,127,50
8451818,785,42,39,3279,167,46
8075484,634,12,27,2699,220,11
8078096,2978,197,49,0,0,0
8094859,0,0,0,4700,461,68
8102935,3634,315,59,0,0,0
8118474,5738,422,252,0,0,0
8127390,0,0,0,2853,92,49
8127911,0,0,0,55,0,0
8132513,771,22,38,2598,205,25
8138520,0,0,0,572,3,0
8138616,0,0,0,2911,128,55
9275210,0,0,0,2619,126,66
8140109,0,0,0,2106,170,82
8142831,1303,58,1,728,12,37
8154054,305,2,0,0,0,0
7828725,0,0,0,2899,162,95
8159396,0,0,0,943,22,1
7868195,0,0,0,2896,195,108
8161142,0,0,0,3065,116,48
8161148,0,0,0,4296,324,59
8167696,938,51,33,0,0,0
8184598,386,13,25,3385,224,25
8193545,0,0,0,1443,58,0
8198238,0,0,0,6885,1201,239
8198317,0,0,0,6047,1044,262
8198416,0,0,0,6159,480,244
8198513,0,0,0,5678,436,220
8199671,0,0,0,4643,361,139
8203947,2331,180,8,2136,142,75
8177199,2807,104,90,1545,79,13
8208038,68,0,0,0,0,0
8216541,483,12,0,0,0,0
8227502,0,0,0,725,21,0
8231264,0,0,0,3236,196,58
8238322,5186,332,55,1660,56,59
8243455,0,0,0,2285,193,65
8270683,0,0,0,3095,162,55
8244723,0,0,0,3053,281,99
8244823,0,0,0,2466,181,74
8245014,0,0,0,1967,129,54
8245146,0,0,0,1838,77,7
8245513,0,0,0,2388,180,57
8245692,0,0,0,2459,222,96
8245869,0,0,0,2034,150,70
8246081,0,0,0,3522,236,118
8246750,0,0,0,2116,158,55
8247315,0,0,0,255,0,1
8247451,0,0,0,1975,150,55
8248631,0,0,0,2087,142,60
8248706,2498,122,70,0,0,0
8419602,0,0,0,3312,212,86
8764750,0,0,0,673,8,1
8765298,1306,39,11,0,0,0
8765865,0,0,0,294,0,0
8766921,0,0,0,933,15,1
8773165,0,0,0,263,0,0
8773716,0,0,0,123,0,0
8773879,0,0,0,839,9,0
8792120,0,0,0,1842,53,7
8792477,830,40,42,1518,86,15
8798010,2700,441,55,1125,152,28
8410627,0,0,0,3415,128,42
8801715,1736,51,1,1159,61,52
8801736,1452,69,5,1229,64,59
8802069,1916,100,61,0,0,0
8805521,0,0,0,595,0,0
8805777,0,0,0,4081,158,60
8809171,1801,74,50,0,0,0
8810141,1530,35,35,445,5,22
8812078,0,0,0,2473,76,35
8813113,0,0,0,3406,127,42
8814452,657,11,0,0,0,0
8814524,2198,97,15,0,0,0
8814922,0,0,0,2886,206,50
8821758,0,0,0,1243,37,13
8826198,327,2,47,1887,158,30
8835968,0,0,0,2966,163,74
8838927,2138,92,68,0,0,0
8840343,0,0,0,1472,64,18
8842220,0,0,0,2736,105,53
8847957,0,0,0,4851,219,53
8850802,0,0,0,4611,290,205
8864096,2372,142,78,0,0,0
8864778,1636,49,11,465,33,16
8864785,4148,377,34,785,32,42
8865199,2919,136,129,0,0,0
8877971,4120,298,60,0,0,0
8880781,0,0,0,2660,63,22
8884212,1762,94,30,0,0,0
8891315,0,0,0,3027,169,106
8892261,0,0,0,138,0,0
8893368,0,0,0,303,0,0
8912726,663,20,31,1380,87,4
8924186,0,0,0,2497,108,42
8932110,0,0,0,3054,150,57
8939384,516,5,8,3149,86,17
8942413,0,0,0,1242,42,12
8943031,0,0,0,273,0,0
8943298,0,0,0,223,0,0
8943485,0,0,0,1739,37,27
8951591,262,13,22,1600,48,22
8461082,935,16,32,5021,270,48
8469124,0,0,0,2517,79,38
8471817,0,0,0,2771,173,53
8480221,3999,221,70,0,0,0
8253620,4541,214,57,792,10,38
8509534,4535,358,56,0,0,0
8509987,0,0,0,2570,116,66
8513389,2827,173,125,0,0,0
8529400,1472,37,18,481,4,9
8539175,2630,157,53,701,0,0
8540770,2457,249,57,763,0,0
8542422,4991,377,102,657,0,0
8544824,0,0,0,1909,42,25
8546775,0,0,0,3573,197,62
8555954,0,0,0,418,3,0
8559525,0,0,0,4977,301,65
8559607,0,0,0,3441,191,108
8565131,0,0,0,6312,385,106
8566140,793,16,30,3546,163,51
8571259,1010,13,47,3174,125,29
8572353,869,18,46,4838,292,73
8573240,290,0,0,421,0,0
8574334,125,0,0,329,0,0
8575183,0,0,0,283,0,0
8582134,2019,67,35,0,0,0
8592501,0,0,0,2074,63,24
8640212,1191,35,41,0,0,0
8639662,941,64,32,0,0,0
8641784,0,0,0,3457,128,98
8670503,0,0,0,2668,83,31
8687096,1293,57,20,409,10,28
8689148,0,0,0,2697,132,57
8696919,0,0,0,1916,50,25
8697453,722,11,14,3417,158,32
8698941,0,0,0,2992,221,62
8704079,5285,479,96,0,0,0
8709865,0,0,0,2085,97,43
8710444,0,0,0,2227,171,43
8711574,0,0,0,4356,316,73
8712361,0,0,0,3953,323,63
8715940,0,0,0,2237,135,30
8717042,615,13,27,4103,251,36
8723267,0,0,0,2783,175,56
8723397,0,0,0,1766,50,9
8723983,946,22,1,0,0,0
8741619,0,0,0,2489,141,0
8752697,1434,70,80,3311,175,10
8755914,2214,125,2,0,0,0
8761400,0,0,0,607,7,0
8705088,0,0,0,2105,69,34
8953579,0,0,0,979,24,10
8954310,0,0,0,1704,75,5
8954684,0,0,0,1091,20,6
8954910,0,0,0,1045,30,21
8955607,0,0,0,891,29,26
8957325,0,0,0,2180,80,29
8970595,0,0,0,2793,135,39
8978117,0,0,0,2211,78,27
8979434,672,13,39,3542,194,49
8981761,0,0,0,2565,170,46
8993049,1976,79,39,871,49,38
8995807,0,0,0,855,24,46
8997281,0,0,0,2711,107,49
9006142,2913,160,2,0,0,0
9012340,0,0,0,1011,10,5
9015568,0,0,0,2689,125,30
9015745,2622,204,102,0,0,0
9034378,722,20,28,1838,54,8
9037152,1138,15,38,1330,50,1
9039416,0,0,0,2930,142,52
9078240,2995,161,50,0,0,0
9057043,1459,78,121,4630,517,0
9057998,1718,127,0,1550,61,48
9060993,0,0,0,1203,14,0
9061235,2358,160,50,0,0,0
9062992,1292,91,14,781,32,46
9064208,1788,124,24,904,50,70
9067063,987,12,39,1385,114,0
9068024,1402,69,54,1594,77,0
9068346,628,12,34,1370,90,0
9069084,1054,21,38,2049,140,1
9051500,0,0,0,3490,180,43
9072560,519,13,20,2171,93,1
9074101,893,22,44,3589,273,35
9077224,1336,35,57,1192,22,1
9078732,0,0,0,743,1,0
9083312,3350,383,0,676,26,8
9085808,0,0,0,1796,60,25
9091922,0,0,0,1482,28,50
7582489,3307,153,77,0,0,0
9094797,0,0,0,2226,47,19
9103271,0,0,0,671,0,0
9103710,770,14,19,2880,89,26
9103732,856,32,64,2711,190,3
9109799,3364,396,41,813,25,24
9116228,0,0,0,4390,387,94
9141404,6124,505,172,0,0,0
9154024,1678,76,60,0,0,0
9161929,0,0,0,3064,91,26
9177218,757,13,36,1646,52,2
9739780,3279,121,64,0,0,0
9741463,0,0,0,1579,55,16
9747418,2191,129,46,0,0,0
9750356,0,0,0,611,20,1
9753418,475,9,19,3531,189,39
9753494,492,12,21,2121,134,6
9753530,0,0,0,4173,277,1
9761454,0,0,0,4870,215,52
9766793,0,0,0,3775,218,173
9767705,244,8,19,974,14,9
9769559,0,0,0,235,0,0
9770016,0,0,0,136,0,0
9782026,0,0,0,590,3,0
9787592,680,12,10,0,0,0
9787859,885,31,3,0,0,0
9787933,1863,66,62,0,0,0
9792178,2467,118,15,1206,28,31
9795662,954,35,18,0,0,0
9796812,417,16,28,4200,213,207
9798791,840,10,27,5411,284,34
9800031,2734,115,60,0,0,0
9800178,0,0,0,2250,97,62
9806510,0,0,0,1781,53,32
9808146,0,0,0,2504,121,43
9809626,0,0,0,3011,149,100
9811608,234,6,13,2018,147,29
9813188,0,0,0,3165,168,96
9816042,0,0,0,670,0,0
9822593,1849,142,31,465,14,28
9841469,465,1,26,1505,24,28
9842000,1225,0,3,1697,119,0
9842383,972,42,7,0,0,0
9844278,495,0,0,0,0,0
9845997,0,0,0,1317,96,26
9847388,0,0,0,2551,145,48
9848760,1339,47,81,4855,344,32
9856062,808,4,9,2885,69,10
9856467,542,1,0,0,0,0
9864387,523,1,0,0,0,0
9864461,481,0,0,0,0,0
9864536,302,0,0,0,0,0
9870483,2217,121,1,913,25,52
9889095,0,0,0,2476,137,92
9897223,0,0,0,3444,215,96
9927082,1468,69,11,0,0,0
9940382,2373,79,58,0,0,0
9947504,268,0,0,0,0,0
9947805,358,0,0,0,0,0
9947921,431,0,0,0,0,0
9948089,324,0,0,0,0,0
8069365,1388,48,60,3880,244,30
9207332,2237,98,35,0,0,0
9201911,1807,77,22,0,0,0
9202326,806,7,26,4617,200,31
9212816,841,55,40,1377,142,1
9235545,1416,66,0,763,19,55
9235768,396,2,1,0,0,0
9236353,695,0,0,278,0,0
9236708,1380,89,2,1052,63,36
9237370,1090,25,0,597,25,30
9237734,1401,62,0,1156,27,64
9238937,2176,189,6,950,55,67
9239759,1306,31,25,515,15,13
9234420,497,11,13,3308,192,24
9241349,740,3,18,3946,177,19
8338584,2300,334,48,1152,143,28
9251793,1797,103,36,681,44,29
9252296,1959,135,29,435,33,26
9287199,0,0,0,2824,86,53
9287906,0,0,0,6190,350,104
9288827,954,43,32,1746,90,0
9289231,0,0,0,337,0,0
9294475,0,0,0,2766,112,45
9318513,618,2,0,0,0,0
9345728,0,0,0,452,0,0
9347019,0,0,0,469,1,0
9348984,2407,80,56,0,0,0
9351843,2064,74,33,0,0,0
9372642,1690,123,3,1074,0,1
9384504,1250,30,0,1320,76,48
9408003,2942,192,54,0,0,0
9409359,3950,380,62,0,0,0
9422291,1034,11,26,3661,181,16
9423829,3688,530,0,1960,106,124
9424902,4165,504,59,0,0,0
9428865,3152,150,107,0,0,0
9429085,813,41,23,0,0,0
9436520,589,30,30,0,0,0
9447255,2796,154,78,0,0,0
4570270,2145,109,24,0,0,0
7977834,0,0,0,3648,137,77
9457719,0,0,0,3182,216,54
4985759,2155,83,25,0,0,0
9469519,0,0,0,4277,430,65
9480916,1417,41,1,1272,18,70
9481869,1713,97,42,0,0,0
9488991,2208,58,27,821,6,43
9503414,2159,92,15,853,12,40
9503428,2081,91,10,287,11,8
9507904,0,0,0,3314,142,49
9508724,2556,157,26,724,20,26
9511772,0,0,0,1624,59,11
9513911,0,0,0,861,24,20
9517477,0,0,0,586,3,1
9519425,0,0,0,2436,88,60
9521722,0,0,0,1335,48,19
9524538,1868,79,11,815,12,26
9525492,0,0,0,2823,136,83
9527333,3589,197,42,905,16,44
9527522,2660,231,22,751,30,31
9530532,1061,15,26,5537,333,60
9531722,0,0,0,2581,135,69
9532295,0,0,0,1943,110,62
9565674,0,0,0,3777,125,37
9574259,0,0,0,1012,17,1
9577562,2346,79,18,1472,37,47
7971031,0,0,0,2368,104,51
9578602,0,0,0,1068,10,2
9583435,0,0,0,3468,189,94
9585013,870,45,29,3364,158,33
9585036,0,0,0,2746,86,45
9585145,402,14,23,2487,93,28
9589146,4718,296,74,0,0,0
9594273,1176,75,1,770,14,37
9604434,0,0,0,2215,59,42
9606354,0,0,0,410,1,1
9609048,0,0,0,2997,171,123
9612903,1210,95,1,1254,52,62
9621307,0,0,0,5128,166,55
4620453,0,0,0,2238,64,27
9637388,968,19,36,3751,192,26
9641919,0,0,0,2963,210,59
9643439,1007,17,17,3144,105,26
3347834,0,0,0,2413,125,53
7962986,0,0,0,3666,233,68
4228119,869,64,64,2741,221,17
4227831,299,13,12,2997,232,39
8370111,1379,27,54,1934,36,31
4229950,0,0,0,5748,387,254
4230739,0,0,0,3871,212,174
4414426,0,0,0,2507,130,69
4415241,0,0,0,5502,369,207
4663219,195,0,0,0,0,0
4785242,2904,141,37,0,0,0
5474852,3497,267,81,0,0,0
6554358,249,0,0,1349,66,9
5836197,0,0,0,3647,247,157
5835815,0,0,0,2722,168,69
5836387,0,0,0,3108,156,92
5836163,0,0,0,3370,222,176
9948629,297,0,0,51,0,0
9949160,312,0,0,0,0,0
9949223,345,0,0,79,0,0
9949264,340,0,0,213,0,0
9949348,217,0,0,0,0,0
9950404,200,0,0,0,0,0
9950816,449,1,0,114,0,0
9950950,251,0,0,0,0,0
9951197,272,0,0,0,0,0
9951753,74,0,0,0,0,0
9951917,67,0,0,0,0,0
9954202,390,0,0,0,0,0
9954298,560,0,0,0,0,0
9954421,781,1,0,0,0,0
9954547,819,0,0,0,0,0
9961098,1033,21,0,1398,75,52
9965610,2551,172,36,650,21,26
9971209,2123,75,34,0,0,0
9983191,2655,156,95,0,0,0
9983417,1849,61,20,0,0,0
10011972,505,0,0,0,0,0
10013517,0,0,0,2856,122,59
10014485,454,0,0,0,0,0
10015661,385,0,0,0,0,0
10017661,843,7,1,0,0,0
10017669,245,0,0,0,0,0
10017683,380,0,0,0,0,0
10017804,1047,33,0,0,0,0
10017931,1324,11,0,0,0,0
10017944,1384,33,2,1505,65,47
10017968,542,1,0,0,0,0
10018150,1298,42,0,0,0,0
10018161,471,2,0,173,2,2
10018260,2980,204,53,2165,144,71
10056280,0,0,0,4215,249,224
10059655,1953,103,21,45,0,0
10079731,0,0,0,3080,129,32
10100020,2869,120,35,595,10,34
10119916,1047,45,64,5806,501,65
10138514,0,0,0,309,0,0
10160250,439,0,0,2434,60,82
10163418,1245,55,39,4037,365,38
10167078,0,0,0,2949,160,72
10167116,0,0,0,496,4,1
10169396,0,0,0,2277,90,31
10198121,0,0,0,3083,145,28
10202724,1790,94,53,678,22,39
10209260,1935,168,42,0,0,0
10221622,0,0,0,281,3,0
10229852,1021,19,1,439,17,42
9291437,742,18,30,1867,59,9
9291474,0,0,0,2582,77,29
9539868,0,0,0,4155,254,116
6133702,0,0,0,3021,142,46
8877158,3494,330,22,902,27,42
5453333,3786,280,58,0,0,0
7540581,2533,158,73,0,0,0
7840791,0,0,0,7298,754,151
8496618,137,0,5,2327,277,27
3299214,1292,186,0,3603,396,68
7897469,0,0,0,3459,264,55
7901791,3895,306,82,1381,117,50
4617479,587,33,38,5019,356,42
4127911,0,0,0,1337,27,13
4127975,0,0,0,434,0,0
4127984,0,0,0,321,0,0
4127993,0,0,0,274,0,0
4128002,701,17,24,1812,66,30
6702830,2420,144,84,0,0,0
1924051,501,7,1,0,0,0
992646,211,5,0,0,0,0
5134110,749,19,34,3671,192,35
5169587,2558,173,19,1032,64,61
5186443,2136,87,34,0,0,0
5321459,3924,304,92,610,0,0
5326407,542,16,30,2501,74,39
9072237,2221,74,33,552,13,39
7980189,1091,87,69,4917,788,4
7838405,0,0,0,2827,172,73
3157405,2774,175,6,1328,74,83
9567051,3497,222,113,0,0,0
2921933,0,0,0,3003,131,84
3565102,0,0,0,588,3,2
4401350,3834,697,65,0,0,0
4473922,1238,100,64,3814,341,15
7057894,4170,431,66,1109,118,70
5478818,0,0,0,429,6,0
6451332,4235,271,59,1221,27,60
9606496,0,0,0,3024,85,27
7840203,0,0,0,3056,168,104
9689371,0,0,0,421,0,0
9696888,549,0,0,0,0,0
9698215,806,1,1,73,0,0
9698907,0,0,0,4390,141,51
9707941,0,0,0,2718,116,50
9714476,797,34,0,1424,100,46
9718223,338,7,8,146,5,5
9720614,0,0,0,4563,232,69
9724693,0,0,0,2511,58,103
9730873,0,0,0,2658,139,62
10234576,1015,54,34,0,0,0
10237401,1518,62,11,0,0,0
10238739,1056,44,29,0,0,0
10240382,781,34,25,0,0,0
10243430,329,0,0,0,0,0
10246566,0,0,0,1462,31,8
10248031,1377,43,1,1135,30,39
10248075,239,1,1,724,1,0
10256254,0,0,0,219,0,0
10259967,0,0,0,3053,139,72
10263287,0,0,0,206,0,0
10265010,470,0,2,0,0,0
10269309,521,0,0,22,0,0
10276161,361,3,22,4685,262,57
10281116,2794,249,0,925,25,63
10282065,3330,173,23,792,9,36
10282203,517,4,0,0,0,0
10284042,561,3,0,0,0,0
10287315,643,1,10,2067,88,0
10293348,0,0,0,2098,127,37
10297957,519,0,0,0,0,0
10302790,0,0,0,198,0,0
10303172,0,0,0,515,1,0
10316044,258,0,0,0,0,0
10317031,1512,32,19,788,24,25
10319019,1590,34,60,2512,98,1
10323628,1938,109,31,1179,23,52
10329208,1487,112,2,686,0,0
10339991,0,0,0,3651,286,16
10340880,0,0,0,3903,234,50
10343101,254,21,12,1586,67,9
10345590,2869,119,74,0,0,0
10351681,1077,30,55,3161,300,2
10355356,1774,50,41,0,0,0
10358617,470,5,0,0,0,0
10367190,0,0,0,2856,87,61
10378182,1681,35,9,90,1,0
10381874,588,0,0,76,0,0
10382686,2091,89,10,667,4,17
10382824,1502,34,22,0,0,0
10400440,1760,73,40,0,0,0
10403609,1232,21,31,2671,123,14
10404842,622,0,0,71,0,0
10408280,299,0,0,0,0,0
10411574,1688,209,4,259,7,17
10414455,406,0,0,0,0,0
10418394,1159,34,0,666,0,0
10425159,0,0,0,328,0,0
10425567,0,0,0,288,0,0
10425974,0,0,0,401,0,0
10426321,0,0,0,399,0,0
10427055,3029,140,58,0,0,0
10428966,537,0,0,0,0,0
10447988,1590,51,1,950,18,47
10449035,1434,30,8,664,9,23
10450307,554,1,0,0,0,0
10454247,384,4,2,0,0,0
10455234,2290,81,21,0,0,0
10459723,1671,104,0,725,0,0
10466429,416,1,0,0,0,0
10473853,1158,41,59,0,0,0
10495502,0,0,0,4217,316,41
10523825,2174,114,48,0,0,0
10527147,1518,45,0,377,0,1
10533010,268,0,0,0,0,0
10540188,2981,144,69,0,0,0
10543751,3359,287,67,0,0,0
10553248,2301,276,25,515,0,7
10555409,3509,273,85,0,0,0
10562950,55,0,0,0,0,0
10563755,1364,37,0,690,0,0
10568310,2337,87,12,524,18,9
10577349,551,1,0,127,0,0
10581624,3382,246,30,0,0,0
10583715,2719,119,11,1089,25,33
10596949,2653,115,48,0,0,0
10600188,2249,87,26,1146,28,66
10609443,1805,80,15,0,0,0
10612094,3748,325,21,1353,46,78
10612630,560,8,33,1772,43,40
10617840,0,0,0,2522,90,71
10627239,648,11,37,3325,141,42
10658673,1831,72,18,619,7,16
10660512,0,0,0,2060,75,20
10663559,0,0,0,1740,68,9
10673895,2994,363,87,3770,307,1
10681487,0,0,0,2325,68,38
10682411,0,0,0,3089,113,53
10682660,2292,230,33,1156,95,62
10683313,0,0,0,1831,62,66
10684539,0,0,0,2666,104,41
10697719,340,1,0,0,0,0
10700500,223,0,0,0,0,0
10702736,3880,344,75,0,0,0
10710503,2240,135,32,333,16,19
10711658,186,0,0,0,0,0
10712085,610,0,0,24,0,0
10714438,562,0,0,7,0,0
10714526,2116,108,6,1159,7,27
10716080,1641,50,13,667,10,4
10945581,475,19,41,2679,80,33
10945795,0,0,0,2075,85,0
10946002,372,17,26,1333,48,6
10947427,455,0,4,1630,82,0
10948093,253,0,0,0,0,0
10955244,1483,56,11,236,2,8
10958210,2892,139,48,0,0,0
10959064,0,0,0,1338,23,32
10961507,703,24,0,0,0,0
10961772,459,0,0,0,0,0
10964258,1488,184,1,975,97,66
10974309,89,0,0,0,0,0
10982951,2853,146,26,734,21,21
10986253,0,0,0,2943,93,44
10993782,462,2,0,76,0,0
10993787,541,0,0,43,0,0
10994942,517,0,0,19,0,0
10995187,399,0,0,0,0,0
11003551,2244,123,51,0,0,0
11003660,2813,168,66,0,0,0
11003696,1393,28,16,0,0,0
11003707,2337,102,74,0,0,0
11004239,2986,201,14,1358,52,65
11007420,978,20,28,0,0,0
11009492,630,7,19,0,0,0
11011058,2142,110,40,0,0,0
11013351,1983,205,18,611,24,29
11013583,827,14,0,131,0,0
11017761,5027,566,131,0,0,0
11018254,3934,486,41,412,5,37
11020594,296,0,0,0,0,0
11021999,416,0,0,40,0,0
11022546,1173,45,43,0,0,0
11022929,268,0,0,0,0,0
11027071,2700,93,52,0,0,0
11029359,919,60,21,0,0,0
11029851,719,9,22,5142,379,47
11030926,147,0,0,0,0,0
11032107,132,0,0,0,0,0
11037238,2683,153,33,930,27,45
11050498,560,8,23,820,19,6
11051276,0,0,0,3304,251,76
11051740,4499,358,72,0,0,0
11055480,1291,62,38,0,0,0
11067379,1817,74,55,0,0,0
11073313,1004,33,27,0,0,0
11079069,1270,40,19,0,0,0
11081239,870,8,33,4860,257,58
11084320,2350,191,49,689,20,34
11085317,516,0,0,286,0,0
10725068,0,0,0,6085,290,95
10728318,1378,32,8,678,9,4
10728323,2066,74,1,0,0,0
10728328,1895,132,0,1516,124,0
10728333,2531,214,4,1937,169,0
10739296,0,0,0,704,25,21
10756813,1349,63,18,0,0,0
10758204,2436,189,43,830,53,29
10760217,1221,45,13,203,4,7
10764796,108,0,0,0,0,0
10766722,1317,29,16,0,0,0
10768709,416,9,17,3501,173,45
10781924,1179,51,46,2314,125,58
10784285,927,24,17,1591,59,0
10785260,908,20,39,1863,101,0
10792336,1693,56,12,406,15,17
10792617,1719,106,6,450,22,25
10794801,0,0,0,350,0,0
10797407,2052,60,32,699,15,30
10809383,524,0,0,4152,287,98
10827212,0,0,0,3547,209,54
10842047,1772,33,14,414,9,22
10842099,1536,61,43,659,16,39
10855798,0,0,0,1508,24,24
10865025,3255,321,52,761,53,24
10870424,601,3,27,1451,57,17
10872426,2546,124,52,648,9,59
10874769,1969,49,43,647,4,26
10875178,649,13,51,1944,104,4
10875625,2622,263,41,727,38,43
10877689,0,0,0,3079,112,34
10878170,340,0,0,0,0,0
10880408,2246,149,8,521,8,57
10882750,579,9,47,1957,102,34
10885466,2637,159,25,423,14,18
10888799,502,0,0,0,0,0
10891371,177,0,0,0,0,0
10893103,3704,201,70,0,0,0
10903519,284,0,0,0,0,0
10915553,1516,48,1,0,0,0
10918898,1603,139,47,0,0,0
10919351,358,0,0,0,0,0
10921106,996,84,0,80,0,0
10922020,2454,74,22,1340,22,49
10922465,171,0,0,0,0,0
10922928,1733,76,42,965,51,42
10924217,311,0,0,0,0,0
10944822,0,0,0,2327,71,30
10945111,0,0,0,2072,101,0
10945119,0,0,0,641,0,0
12345237,0,0,0,169,0,0
12345792,0,0,0,420,0,0
12346676,0,0,0,426,0,0
12347886,0,0,0,463,0,0
12356747,1504,55,34,0,0,0
12360656,1484,26,36,0,0,0
12361947,431,0,0,136,0,0
12362682,0,0,0,917,0,0
12364717,2420,188,24,645,20,43
12365683,189,0,0,0,0,0
12366224,1240,53,25,0,0,0
12366640,1126,45,18,0,0,0
12367135,533,8,3,0,0,0
12367292,0,0,0,384,0,0
12367466,0,0,0,360,0,0
12367568,1698,109,27,0,0,0
12371688,1745,51,13,289,1,11
12372419,198,2,0,0,0,0
12385468,138,1,0,0,0,0
12387154,1937,107,45,0,0,0
12389097,803,56,51,0,0,0
12390459,2893,138,53,0,0,0
12398622,2424,173,58,0,0,0
12420377,1227,15,20,0,0,0
12420898,2016,97,32,0,0,0
12422147,807,9,34,1054,27,2
12422355,524,4,19,1898,47,36
12424328,2385,83,74,0,0,0
12424940,6055,470,43,1473,67,49
12425856,1464,24,56,0,0,0
12445523,608,0,0,0,0,0
12446997,964,0,0,0,0,0
12449484,545,0,0,0,0,0
12452356,1503,26,11,0,0,0
12473325,0,0,0,358,0,0
12474032,132,0,0,366,0,0
12474164,675,2,24,2252,180,2
12474815,817,29,47,1033,32,0
12475432,5751,516,91,1198,115,41
12476851,2815,176,61,0,0,0
12477165,390,1,0,0,0,0
12478620,2235,75,55,0,0,0
12479019,1776,82,53,0,0,0
12488233,521,0,0,0,0,0
12494383,540,0,0,0,0,0
12498192,472,0,0,0,0,0
12498338,3493,214,68,0,0,0
12500843,2473,85,33,0,0,0
12509506,1446,49,34,0,0,0
12530013,401,0,0,0,0,0
11905911,42,0,0,821,44,0
11908619,989,38,0,670,14,31
11909406,713,20,26,1981,178,13
11934107,1937,46,27,601,6,16
11934261,2112,96,37,0,0,0
11946903,741,15,25,1456,64,14
11986594,1647,41,16,690,14,22
12000033,1454,58,0,0,0,0
12026822,0,0,0,1017,11,0
12030078,0,0,0,2138,70,1
12031406,1097,34,66,2316,173,1
12032517,0,0,0,475,0,0
12049797,1330,62,17,2924,182,29
12089601,1393,27,9,0,0,0
12121795,1934,48,17,710,17,25
12122924,1016,34,80,2506,124,14
12138418,3645,281,90,0,0,0
12195879,2369,82,13,1175,21,33
12204331,0,0,0,318,0,0
12204694,70,0,0,379,0,0
12205963,137,0,0,442,0,0
12206139,38,0,0,495,0,0
12207291,260,0,0,358,0,0
12207495,153,0,0,533,0,0
12208050,140,0,0,314,0,0
12208798,0,0,0,311,0,0
12217572,2797,120,63,0,0,0
12225666,4399,317,58,0,0,0
12233237,3211,222,58,0,0,0
12252572,1629,33,19,0,0,0
12256567,252,0,0,310,0,0
12262871,0,0,0,571,0,0
12262910,2208,241,29,682,36,31
12273754,2530,128,11,655,8,31
12279909,2551,154,55,0,0,0
12279941,1884,82,40,0,0,0
12281339,2255,112,31,437,26,16
12283795,0,0,0,480,0,0
12289177,0,0,0,514,0,0
12290287,0,0,0,567,0,0
12293334,2630,136,45,0,0,0
12299621,3885,283,26,1004,83,57
12299647,2320,108,27,554,12,24
12299704,2616,74,33,401,7,19
12299805,3195,162,39,0,0,0
12300089,2667,154,51,0,0,0
12325227,2799,131,50,0,0,0
12335381,0,0,0,302,0,0
12336493,2278,83,53,464,0,0
12343219,0,0,0,288,0,0
13217922,0,0,0,375,0,0
13218289,0,0,0,510,1,0
13234578,0,0,0,153,0,0
13234841,0,0,0,160,2,0
13235092,0,0,0,189,0,0
13235454,203,1,0,265,0,0
13237321,91,1,0,291,0,0
13238159,0,0,0,340,0,0
13239550,0,0,0,352,0,0
13241784,0,0,0,136,0,0
13242252,0,0,0,1693,27,25
13242336,0,0,0,3609,78,51
13313410,432,24,8,0,0,0
13340343,316,0,0,329,0,0
13341065,124,0,0,540,3,0
13341456,0,0,0,301,0,0
13344109,0,0,0,139,0,0
13345002,0,0,0,285,0,0
13358515,0,0,0,605,21,23
13362478,0,0,0,461,1,0
13364562,0,0,0,182,0,0
13365464,740,24,22,3870,223,25
13369670,0,0,0,3316,139,105
13370624,608,23,22,665,15,28
13380660,2205,140,10,0,0,0
13389208,0,0,0,576,2,0
13395814,1804,56,31,0,0,0
13405613,0,0,0,2514,142,53
13407007,0,0,0,480,0,0
13410103,0,0,0,599,0,0
13410891,0,0,0,734,2,0
13411388,0,0,0,410,6,0
13411394,987,22,20,3209,130,13
13411400,0,0,0,288,0,0
13411445,0,0,0,3866,207,49
13411525,0,0,0,2181,106,59
13422280,2183,78,0,165,0,0
13429045,0,0,0,2670,126,36
13451589,169,6,1,597,3,0
13454509,0,0,0,448,0,0
13457547,0,0,0,409,0,0
13530806,0,0,0,194,0,0
13535380,486,1,1,1410,82,2
13535387,534,0,0,869,18,1
13556524,0,0,0,581,0,2
13557064,804,116,7,2686,278,0
13560962,112,0,0,431,0,0
13564607,0,0,0,4727,270,26
13580849,0,0,0,603,8,2
13589251,0,0,0,3288,164,49
11094115,181,0,0,0,0,0
11095260,353,1,0,0,0,0
11102156,620,39,45,2016,150,30
11123016,2022,63,26,0,0,0
11126336,170,0,0,397,0,0
11135340,3066,184,75,0,0,0
11137808,0,0,0,3164,176,47
11144258,1974,100,47,0,0,0
11146422,2324,99,86,0,0,0
11157622,324,1,0,2033,55,38
11178891,1013,19,34,3466,233,27
11179035,0,0,0,791,2,0
11184236,0,0,0,1160,30,39
11190385,237,0,0,0,0,0
11190781,378,0,0,0,0,0
11190809,394,0,0,0,0,0
11192283,1140,4,1,0,0,0
11193510,2569,98,48,0,0,0
11195708,1688,79,11,0,0,0
11197975,2085,88,21,0,0,0
11210000,1365,29,74,5211,307,60
11215773,0,0,0,382,1,0
11216417,2477,167,35,699,49,54
11217208,1223,33,17,0,0,0
11229136,883,47,16,0,0,0
11234536,452,12,20,2756,157,56
11248536,125,5,5,1240,68,22
11257084,4826,446,76,551,41,37
11261332,606,7,11,1709,41,0
11263687,3945,175,35,626,10,19
11271082,283,4,18,1674,93,16
11278919,807,22,25,2043,132,21
11279244,0,0,0,2496,200,55
11286854,947,23,24,0,0,0
11291653,2335,138,34,596,15,21
11303036,1941,71,48,676,6,26
11306294,952,16,21,2706,118,22
11311591,401,0,0,0,0,0
11313556,669,1,0,0,0,0
11329998,3579,200,23,730,17,35
11333054,1754,47,56,0,0,0
11348509,4817,224,67,0,0,0
11356523,693,16,35,3209,227,20
11359482,587,19,29,1695,55,0
11361875,1062,22,72,892,58,0
11362334,579,33,51,1612,116,26
11362589,948,19,99,1059,25,0
11389855,1910,65,30,670,26,41
11409587,1949,165,2,1784,62,72
11460897,0,0,0,565,4,0
12532127,15,0,0,451,0,0
12532152,33,0,0,543,0,0
12546782,23,0,0,792,1,0
12548756,709,11,20,4299,199,31
12549053,0,0,0,194,0,0
12549257,0,0,0,591,0,0
12551020,2941,192,29,1140,22,31
12570095,0,0,0,407,2,0
12570525,0,0,0,174,0,0
12585379,2552,93,60,0,0,0
12587013,3143,154,36,0,0,0
12598741,2351,197,62,0,0,0
12612426,549,0,0,1972,71,48
12615701,0,0,0,333,2,0
12617396,2933,119,69,0,0,0
12618333,0,0,0,320,0,0
12634154,1538,101,0,734,0,0
12654063,1285,17,22,0,0,0
12667895,4170,214,94,0,0,0
12670738,2668,123,46,0,0,0
12701593,0,0,0,322,1,0
12702367,0,0,0,227,0,0
12702656,0,0,0,218,0,0
12703528,0,0,0,221,0,0
12704069,565,36,46,4838,342,21
12704360,0,0,0,1815,76,2
12704599,0,0,0,358,0,0
12726582,4255,257,177,0,0,0
12727225,1058,0,0,0,0,0
12745233,0,0,0,585,2,0
12745771,3229,137,72,0,0,0
12746220,0,0,0,1680,67,29
12747607,0,0,0,621,2,0
12749099,0,0,0,291,0,1
12751130,0,0,0,433,0,0
12755280,0,0,0,358,0,0
12782494,2224,92,16,423,8,24
12789813,2939,263,21,0,0,0
12813847,0,0,0,4305,298,88
12832017,1984,84,53,0,0,0
12839441,2649,177,84,337,19,12
12840470,4320,327,60,0,0,0
12842593,748,6,39,1440,16,57
12845026,0,0,0,259,0,0
12846265,0,0,0,345,2,0
12847167,0,0,0,371,2,0
12866697,1587,67,20,342,24,25
12868041,1968,157,28,266,48,27
12869029,1515,75,23,0,0,0
12871993,4230,367,57,1509,193,67
14546516,0,0,0,400,1,0
14546549,134,0,1,647,0,0
14546554,0,0,0,585,0,0
14546564,0,0,0,147,0,0
14546579,102,0,0,605,0,0
14546599,0,0,0,137,0,0
14546604,0,0,0,210,0,0
14546609,0,0,0,496,0,0
14546614,0,0,0,630,0,0
14546624,0,0,0,536,0,0
14546664,0,0,0,487,1,0
14546714,0,0,0,214,0,0
14546724,0,0,0,75,0,0
14546734,0,0,0,490,1,0
14546749,0,0,0,458,0,0
14546774,0,0,0,191,0,0
14546779,0,0,0,584,3,0
14546809,0,0,0,406,0,0
14546829,0,0,0,393,0,0
14546834,0,0,0,159,0,0
14546854,0,0,0,190,0,0
14546864,387,0,1,668,0,0
14546874,0,0,0,178,0,0
14546879,0,0,0,543,0,0
14546885,0,0,0,324,0,0
14546895,0,0,0,440,0,0
14546910,0,0,0,365,0,0
14546926,0,0,0,235,0,0
14546936,0,0,0,420,0,0
14546951,0,0,0,325,0,0
14546956,0,0,0,213,0,0
14546986,350,0,0,483,1,0
14547001,316,0,0,464,0,0
14547006,483,0,0,488,0,0
14547041,0,0,0,229,0,0
14547046,0,0,0,174,0,0
14547066,4,0,0,419,0,0
14547081,0,0,0,417,0,0
14547086,0,0,0,418,0,0
14547091,0,0,0,558,0,0
14547101,0,0,0,550,2,0
14547147,0,0,0,569,0,0
14547152,0,0,0,583,0,1
14547157,2,0,0,400,0,0
14547162,0,0,0,677,0,0
14547167,0,0,0,331,0,0
14547173,0,0,0,510,0,0
14547178,0,0,0,633,0,0
14547189,0,0,0,694,0,0
14547214,120,0,0,749,1,0
12877880,0,0,0,303,0,0
12880792,0,0,0,320,0,0
12882179,0,0,0,1546,83,34
12882387,1463,38,37,0,0,0
12884490,0,0,0,2187,111,28
12923749,1589,38,17,0,0,0
12927136,275,0,0,145,1,0
12928099,1404,58,31,812,0,0
12935696,635,19,48,2252,142,0
12935706,1818,90,36,351,2,19
12948470,2017,86,63,0,0,0
12962772,630,8,20,2027,90,0
12978829,0,0,0,279,1,0
12979804,0,0,0,252,0,0
12981110,0,0,0,185,0,0
12982435,0,0,0,636,0,0
12984739,0,0,0,448,0,0
12985971,0,0,0,459,0,0
12986939,0,0,0,533,0,0
12988149,0,0,0,331,0,0
12989453,0,0,0,1073,20,1
12990900,0,0,0,1986,27,49
12991032,0,0,0,495,1,0
12992011,0,0,0,355,0,0
12993051,0,0,0,375,0,0
12995472,0,0,0,387,0,0
12996024,0,0,0,330,0,0
13003574,0,0,0,1952,57,62
13007383,15,0,3,1168,21,0
13028455,1241,82,30,0,0,0
13038489,0,0,0,4370,168,81
13045287,345,5,31,1241,84,15
13046354,0,0,0,1586,90,30
13046847,0,0,0,2501,87,39
13049485,0,0,0,1503,43,17
13081886,487,6,10,2589,234,3
13084891,0,0,0,1396,27,32
13137623,0,0,0,1133,26,13
13167025,0,0,0,362,0,0
13167730,0,0,0,2560,74,39
13173311,0,0,0,1114,12,59
13191017,0,0,0,370,0,0
13197236,2469,273,14,585,27,20
13199414,2509,173,48,277,8,23
13202894,164,0,2,0,0,0
13206239,3206,140,49,0,0,0
13210358,875,7,45,3313,171,25
13216296,0,0,0,456,0,0
13217452,0,0,0,305,0,0
13217639,0,0,0,405,0,0
11463379,0,0,0,556,1,0
11464638,0,0,0,3893,264,56
11465297,620,37,17,2255,131,31
11468088,1702,76,42,0,0,0
11509597,0,0,0,213,0,0
11509767,0,0,0,190,0,0
11524047,0,0,0,3928,638,77
11528017,0,0,0,3526,232,60
11600886,5024,750,10,933,57,60
11605567,0,0,0,3227,150,61
11605861,827,17,60,5699,281,66
11623145,0,0,0,1962,78,21
11624548,313,20,25,2249,114,26
11625573,2199,145,0,1195,52,80
11637003,597,7,28,1377,21,21
11639192,52,0,0,1244,63,1
11645541,0,0,0,4167,214,86
11656349,1311,49,12,627,12,40
11687072,2104,76,25,0,0,0
11691603,4236,236,224,0,0,0
11691640,2324,99,31,0,0,0
11703922,3707,234,49,0,0,0
11712140,210,1,0,0,0,0
11714576,0,0,0,2807,98,80
11717001,1944,87,61,0,0,0
11717014,1493,56,20,0,0,0
11717020,1246,26,36,0,0,0
11717025,872,26,22,0,0,0
11717030,1985,54,30,0,0,0
11717035,945,40,13,0,0,0
11717040,1037,41,18,0,0,0
11717045,1588,28,10,0,0,0
11719626,1985,124,87,0,0,0
11725127,4021,254,223,0,0,0
11725803,4413,232,239,0,0,0
11756023,1323,36,35,0,0,0
11782821,3006,138,29,1440,40,53
11785627,1934,134,76,0,0,0
11788830,885,14,22,1706,30,28
11813287,0,0,0,3887,239,193
11821320,1119,53,32,0,0,0
11826171,0,0,0,3841,168,45
11838242,0,0,0,1088,20,16
11841664,2396,247,28,1291,108,57
11851588,0,0,0,2763,128,53
11853038,1719,24,61,1087,24,53
11871574,2003,223,25,515,32,47
11876076,1432,46,38,0,0,0
11889676,603,40,43,3373,487,35
11891098,0,0,0,2594,55,40
14241490,1816,89,17,1104,46,41
14255342,2127,101,38,0,0,0
14260575,2907,183,18,836,49,43
14264159,421,0,0,0,0,0
14265548,363,0,0,0,0,0
14265559,282,0,0,0,0,0
14265564,153,0,0,0,0,0
14265600,570,0,0,0,0,0
14266277,274,0,0,0,0,0
14266284,231,0,0,0,0,0
14266304,210,0,0,0,0,0
14266386,221,0,0,0,0,0
14266395,141,0,0,0,0,0
14266400,482,0,0,0,0,0
14266405,439,0,0,0,0,0
14266410,251,0,0,0,0,0
14266415,695,1,0,336,2,3
14266430,658,0,0,0,0,0
14266440,409,0,0,0,0,0
14266446,336,2,0,0,0,0
14266451,158,0,0,0,0,0
14266471,188,0,0,0,0,0
14266481,386,0,0,0,0,0
14266486,361,0,0,0,0,0
14266491,304,0,0,0,0,0
14266501,687,0,0,0,0,0
14266512,540,0,0,527,1,0
14266559,331,0,0,0,0,0
14266565,540,0,0,415,0,1
14266761,389,1,0,0,0,0
14266780,121,0,0,0,0,0
14266883,298,0,0,0,0,0
14266964,546,6,0,3,0,0
14266993,406,0,0,1,0,0
14267037,188,0,0,0,0,0
14267086,429,0,0,0,0,0
14267091,586,6,0,9,0,0
14267149,257,0,0,0,0,0
14267160,230,0,0,0,0,0
14267170,611,1,0,0,0,0
14267175,410,0,0,0,0,0
14270761,1905,51,27,677,17,15
14271622,405,0,0,0,0,0
14313750,3369,462,44,323,10,36
14319185,5771,370,123,0,0,0
14319498,2104,65,42,0,0,0
14319960,2238,119,48,0,0,0
14328512,670,15,38,1949,114,0
14329745,933,108,11,377,30,40
14333371,2560,86,60,0,0,0
14914117,0,0,0,650,1,0
14914127,0,0,0,657,0,0
14914137,0,0,0,268,0,0
14914142,0,0,0,753,2,0
14914152,0,0,0,747,0,0
14914157,0,0,0,324,0,0
14914162,0,0,0,348,0,0
14914182,421,4,23,2013,32,20
14948339,1059,60,44,2076,156,0
14973277,261,0,0,0,0,0
14973282,239,1,0,0,0,0
14973287,395,2,0,0,0,0
14973297,361,0,0,0,0,0
14973302,374,0,0,0,0,0
14973307,302,0,0,0,0,0
14973312,226,0,0,0,0,0
14973317,352,0,0,0,0,0
14973453,455,2,0,0,0,0
14976461,278,0,0,0,0,0
14976953,293,0,0,0,0,0
14977871,393,1,0,81,0,0
14977878,424,0,0,67,0,0
14977890,425,0,0,63,0,0
14979933,264,0,0,0,0,0
14979945,455,0,0,0,0,0
14981042,494,0,0,0,0,0
14981050,262,0,0,0,0,0
14981128,1867,92,50,0,0,0
14981186,327,0,0,0,0,0
14981210,151,0,0,0,0,0
14981280,211,0,0,0,0,0
14981285,479,0,0,0,0,0
14995061,676,14,16,190,4,15
14999928,2251,74,0,1450,56,53
15005403,814,92,0,610,5,14
15018449,0,0,0,1062,57,30
15023806,967,41,30,0,0,0
15023987,522,23,34,2297,142,26
15028907,1199,23,1,1115,28,107
15048530,0,0,0,3194,121,61
15055590,1350,54,36,0,0,0
15063529,974,45,25,0,0,0
15068806,438,6,28,1666,38,25
15077059,539,0,0,0,0,0
15078580,474,0,2,0,0,0
15078585,358,0,0,0,0,0
15078590,423,1,0,0,0,0
15078595,281,0,0,0,0,0
15078600,575,0,0,0,0,0
15078624,568,0,0,0,0,0
13634759,0,0,0,2038,84,45
13644685,0,0,0,1744,31,36
13645610,0,0,0,1511,54,36
13646473,0,0,0,1781,61,22
13649791,543,0,0,572,1,0
13652117,589,3,12,1159,49,7
13665529,0,0,0,3294,151,39
13674287,0,0,0,3406,124,122
13675374,0,0,0,1902,44,55
13713529,0,0,0,2615,117,46
13714311,1577,127,37,0,0,0
13718916,1446,58,2,785,19,26
13722516,0,0,0,2233,68,31
13722900,0,0,0,3213,170,46
13724377,580,5,19,1286,19,21
13726190,0,0,0,720,0,0
13727202,138,0,3,2103,264,0
13729664,0,0,0,634,0,0
13730666,0,0,0,985,0,0
13731104,0,0,0,1028,0,0
13732551,0,0,0,658,0,0
13733436,0,0,0,525,0,0
13733768,0,0,0,533,0,0
13734146,0,0,0,427,0,0
13734435,0,0,0,375,0,0
13734645,0,0,0,282,2,0
13734815,0,0,0,459,0,0
13734996,0,0,0,369,0,0
13735199,0,0,0,395,0,0
13736919,720,45,0,0,0,0
13743125,2688,265,16,974,33,74
13749806,1083,120,0,190,1,1
13751194,492,3,0,933,36,2
13756873,0,0,0,717,0,0
13758977,0,0,0,401,0,0
13759971,76,0,0,231,0,0
13760269,73,0,0,200,0,0
13760579,86,0,0,219,0,0
13760954,0,0,0,2175,121,0
13763548,0,0,0,1159,75,1
13764822,0,0,0,1982,116,2
13768622,0,0,0,2779,68,57
13793212,520,0,0,1073,32,1
13793978,488,0,0,266,0,0
13795090,783,5,39,1508,9,62
13803032,0,0,0,3447,233,47
13806524,0,0,0,3950,150,72
13818467,1767,74,40,0,0,0
13830600,1136,36,7,0,0,0
13832416,1546,40,36,0,0,0
14723506,1839,66,40,0,0,0
14724804,0,0,0,348,0,0
14726012,1040,25,35,0,0,0
14726069,2012,161,39,806,45,51
14727248,0,0,0,228,0,0
14743319,0,0,0,654,0,0
14749848,0,0,0,394,0,0
14751048,0,0,0,278,0,0
14751624,0,0,0,332,0,0
14753815,1008,18,53,2363,69,72
14754777,722,18,24,1724,224,33
14755393,461,21,36,1377,55,0
14756000,1178,85,28,0,0,0
14756061,930,13,28,2743,249,36
14756440,550,8,38,907,17,12
14757050,507,12,29,2078,85,2
14757992,1125,45,44,2719,288,0
14758420,642,18,10,1469,99,29
14759661,0,0,0,1875,55,23
14760757,807,16,25,2475,97,34
14761284,0,0,0,338,1,0
14761692,80,0,0,338,0,0
14762026,0,0,0,1302,54,38
14782250,841,32,36,0,0,0
14786448,0,0,0,400,0,0
14786951,0,0,0,427,2,0
14787518,0,0,0,452,0,0
14788579,0,0,0,205,0,0
14797204,0,0,0,166,0,0
14797760,1660,77,37,0,0,0
14818307,2575,148,40,0,0,0
14819319,0,0,0,580,0,0
14819849,0,0,0,20,0,0
14821704,0,0,0,481,0,1
14822335,0,0,0,587,0,0
14822830,0,0,0,506,1,1
14847176,0,0,0,352,0,0
14848137,0,0,0,531,0,0
14849956,0,0,0,514,0,0
14851773,0,0,0,516,0,0
14877179,0,0,0,211,0,0
14891367,2127,146,51,0,0,0
14898295,2991,147,90,0,0,0
14898816,4273,233,226,0,0,0
14914067,0,0,0,181,0,0
14914072,0,0,0,673,0,0
14914087,0,0,0,657,2,0
14914097,0,0,0,219,0,0
14914102,0,0,0,318,0,0
14914112,0,0,0,289,0,0
14547219,0,0,0,506,0,0
14547234,0,0,0,338,0,0
14547239,0,0,0,238,0,0
14547254,0,0,0,135,0,0
14547259,0,0,0,1713,59,11
14547291,0,0,0,207,0,0
14547296,0,0,0,349,0,0
14547301,0,0,0,193,0,0
14547306,0,0,0,405,0,0
14547311,0,0,0,222,0,0
14547316,0,0,0,303,0,0
14547321,0,0,0,814,0,0
14547326,10,0,0,943,0,0
14547336,0,0,0,254,0,0
14547376,0,0,0,637,0,0
14547381,0,0,0,343,0,0
14547391,0,0,0,542,1,0
14547396,0,0,0,183,0,0
14547401,0,0,0,517,0,0
14547406,412,0,0,915,0,0
14547411,403,0,0,885,0,0
14547416,0,0,0,498,0,0
14547432,0,0,0,559,0,0
14547437,386,0,0,977,0,0
14547442,158,0,0,433,0,0
14547447,0,0,0,749,0,0
14570370,1811,29,13,823,9,22
14575371,447,12,1,0,0,0
14579509,1631,61,21,672,8,27
14586769,2436,29,61,0,0,0
14588375,329,6,4,771,40,1
14604028,0,0,0,2310,152,80
14617508,2838,379,107,0,0,0
14621584,2312,48,35,887,11,34
14628429,0,0,0,492,0,0
14630189,0,0,0,167,0,0
14630424,0,0,0,298,0,0
14630736,0,0,0,298,0,0
14632529,265,2,0,495,0,0
14638686,1788,34,22,305,2,7
14644884,0,0,0,570,0,0
14651659,1183,102,1,0,0,0
14655602,2252,185,76,0,0,0
14656798,646,39,57,2798,270,62
14659793,558,1,0,522,6,7
14680483,0,0,0,2936,339,95
14684577,0,0,0,412,0,0
14720288,0,0,0,313,0,0
14720293,0,0,0,643,0,0
14720300,110,0,0,1029,0,0
14333495,4267,231,53,0,0,0
14334367,1981,103,131,5195,391,57
14338439,1859,89,51,0,0,0
14342744,1553,218,35,0,0,0
14374534,0,0,0,1981,56,49
14403560,225,0,0,0,0,0
14423343,683,0,0,0,0,0
14423348,496,1,0,0,0,0
14423369,687,0,0,0,0,0
14423394,546,0,0,0,0,0
14423404,508,0,0,0,0,0
14423409,733,0,0,244,0,0
14423438,571,0,0,419,0,0
14423489,593,0,1,346,3,1
14423494,305,0,0,0,0,0
14434314,2604,116,92,0,0,0
14437742,4078,294,41,0,0,0
14448530,434,0,0,0,0,0
14448535,306,0,0,0,0,0
14448540,701,0,0,0,0,0
14448545,259,0,0,0,0,0
14450919,1731,70,36,0,0,0
14451162,2162,72,16,0,0,0
14460113,2958,147,96,0,0,0
14461238,2561,123,36,0,0,0
14492757,3093,321,60,483,39,55
14492880,0,0,0,2012,205,68
14493841,1596,100,0,1087,27,68
14495367,296,20,39,867,75,13
14501257,0,0,0,3427,114,118
14504024,762,0,0,0,0,0
14504029,438,0,0,0,0,0
14504034,191,0,0,0,0,0
14504039,591,0,0,0,0,0
14504044,572,0,0,0,0,0
14504049,152,0,0,0,0,0
14504060,571,0,0,0,0,0
14504065,409,0,0,0,0,0
14504070,238,0,0,0,0,0
14504075,828,0,0,0,0,0
14504080,260,0,0,0,0,0
14514597,1779,143,44,0,0,0
14517691,0,0,0,701,49,3
14519048,3251,186,86,0,0,0
14519756,4004,239,101,0,0,0
14522124,3146,190,97,0,0,0
14539753,1998,106,1,455,5,23
14540633,3316,309,9,1323,87,59
14541927,4407,208,59,0,0,0
14546463,0,0,0,281,0,0
15078629,336,0,0,0,0,0
15078634,397,1,0,0,0,0
15078639,371,2,0,0,0,0
15078644,438,0,1,0,0,0
15078649,358,0,0,0,0,0
15078654,330,0,0,0,0,0
15078659,422,0,0,0,0,0
15078682,480,0,0,143,0,0
15078687,433,0,0,0,0,0
15078692,295,0,0,0,0,0
15078697,520,0,0,0,0,0
15078705,372,0,0,0,0,0
15078722,626,7,0,0,0,0
15078727,500,2,0,0,0,0
15078738,130,0,0,0,0,0
15079022,84,0,0,0,0,0
15079027,405,0,0,0,0,0
15079144,162,0,0,0,0,0
15079785,31,0,0,0,0,0
15079962,93,0,0,0,0,0
15096548,1010,24,25,0,0,0
15119833,249,0,0,0,0,0
15130939,348,0,0,0,0,0
15131659,283,0,0,0,0,0
15139341,281,0,0,0,0,0
15139746,293,0,0,0,0,0
15140015,407,0,0,0,0,0
15140301,360,0,0,0,0,0
15141235,92,0,0,0,0,0
15152956,0,0,0,659,0,0
15153709,0,0,0,364,0,0
15155348,0,0,0,1203,35,24
15202263,562,1,0,1275,62,0
15225589,711,23,42,3055,177,29
15250080,0,0,0,356,0,0
15253921,3233,231,9,317,0,0
15334461,0,0,0,418,3,0
15343835,3426,205,42,0,0,0
15365184,2030,53,0,0,0,0
15387603,1085,3,0,0,0,0
15398730,3673,323,73,0,0,0
15404207,1493,158,52,1757,140,1
15421363,3905,579,71,967,118,0
15431408,1596,50,34,0,0,0
15431795,604,8,28,1952,60,14
15467736,0,0,0,3715,222,54
15468308,2449,182,20,625,16,34
15474790,555,0,0,1363,51,17
15478720,0,0,0,3477,324,58
15480928,417,11,17,3770,450,40
15722306,1758,77,21,0,0,0
15722867,2452,156,125,0,0,0
15722990,1715,71,34,0,0,0
15732050,436,0,0,1085,37,0
15732471,0,0,0,3263,145,33
15732485,0,0,0,1774,32,31
15732497,0,0,0,3572,116,66
15732503,0,0,0,2401,144,75
15732509,0,0,0,3657,186,55
15732515,0,0,0,974,0,1
15732533,0,0,0,903,0,0
15734666,1148,11,2,0,0,0
15734988,2028,151,66,0,0,0
15736398,935,20,26,1259,84,0
15741782,197,0,0,0,0,0
15741865,3591,351,37,602,33,32
15741951,1125,8,1,0,0,0
15764960,1621,56,14,0,0,0
15766806,3933,236,68,0,0,0
15770140,3078,227,31,1156,72,24
15770867,324,0,0,0,0,0
15788419,493,1,0,0,0,0
15788431,1830,70,38,0,0,0
15792643,2324,119,30,508,5,39
15800115,821,15,58,2159,101,0
15810983,2431,217,29,0,0,0
15823055,355,14,33,1143,50,45
15825481,316,0,1,0,0,0
15825861,2218,100,33,0,0,0
15825892,1050,56,37,0,0,0
15825924,182,0,0,0,0,0
15828093,646,6,1,0,0,0
15829660,0,0,0,2097,30,46
15861524,2199,131,88,0,0,0
15867651,133,0,0,0,0,0
15868439,304,0,2,0,0,0
15894178,624,10,12,1204,87,0
15894278,622,3,13,1320,106,0
15897280,1476,75,1,1098,81,0
15934458,0,0,0,1238,100,0
15939130,778,10,1,0,0,0
15939179,294,0,0,0,0,0
15964206,0,0,0,1006,48,0
15974183,1326,67,3,835,25,18
15985265,1875,88,47,0,0,0
15995063,638,2,1,0,0,0
15995074,229,0,0,0,0,0
15995958,965,68,26,0,0,0
16007457,1748,78,35,0,0,0
16014372,82,0,0,0,0,0
15481779,0,0,0,2472,182,48
15488316,611,0,0,3109,252,50
15510288,4078,441,77,667,24,46
15512404,2063,118,64,0,0,0
15512408,1924,143,41,0,0,0
15513540,2372,137,43,0,0,0
15514582,2073,93,32,596,5,54
15516413,2078,61,44,0,0,0
15517247,1865,52,25,1160,22,24
15519213,2710,132,32,0,0,0
15522152,2597,176,24,0,0,0
15524629,1130,74,0,828,17,34
15524852,1172,30,2,0,0,0
15525711,1191,59,0,664,8,38
15525794,1455,94,0,1090,21,50
15539984,1001,44,0,1482,128,47
15541956,318,1,0,0,0,0
15541971,2018,81,32,1515,35,33
15547235,489,0,0,2018,54,40
15548844,0,0,0,3227,191,22
15553218,844,28,36,2254,71,11
15560623,0,0,0,2559,101,0
15566333,1403,81,1,1446,76,56
15568134,2727,107,26,884,32,36
15568333,1563,73,68,1800,142,0
15571194,5925,793,110,0,0,0
15576292,1834,48,11,428,15,31
15577444,2850,122,40,613,15,25
15582537,184,0,0,909,0,0
15583282,1118,0,0,33,0,0
15585114,366,4,20,1437,70,27
15586914,1506,41,20,0,0,0
15586949,1342,40,16,0,0,0
15587533,2543,147,17,915,23,41
15588389,0,0,0,2636,152,64
15588620,2947,255,3,1323,41,100
15588711,1305,56,0,0,0,0
15589591,0,0,0,1825,37,53
15589738,0,0,0,2749,69,56
15590555,764,65,49,3240,207,22
15590793,843,50,16,0,0,0
15592096,4248,216,59,1744,86,34
15594113,2767,108,27,673,39,25
15599768,0,0,0,61,0,0
15601640,586,13,22,2356,102,25
15605297,865,23,50,1697,116,0
15605301,2156,98,31,367,14,15
15605987,1238,33,53,5811,518,68
15606239,0,0,0,4385,299,63
15607335,562,21,20,2473,107,27
16014607,1271,50,15,0,0,0
16014701,1552,78,45,0,0,0
16015738,2483,137,64,0,0,0
16017113,2156,116,57,0,0,0
16026042,1062,23,2,0,0,0
16026677,950,125,26,259,25,31
16039470,3593,231,191,0,0,0
16045758,2142,58,31,0,0,0
16046580,353,0,0,0,0,0
16051878,1726,62,27,318,16,20
16053650,256,1,0,0,0,0
16053670,962,16,5,0,0,0
16054240,184,0,0,0,0,0
16057212,0,0,0,379,0,0
16058860,3222,156,172,0,0,0
16059078,2702,124,72,0,0,0
16059134,3518,182,51,0,0,0
16070049,0,0,0,3443,192,100
16087799,1402,78,13,0,0,0
16089738,2637,194,63,0,0,0
16089743,3314,248,52,0,0,0
16095576,1556,85,30,0,0,0
16096934,1621,72,28,0,0,0
16098538,2192,111,20,0,0,0
16100103,611,8,14,2621,104,8
16100461,3375,273,69,0,0,0
16115255,0,0,0,940,46,0
16115575,0,0,0,715,46,1
16131474,783,2,29,2192,72,27
16141217,1252,61,31,0,0,0
16145456,0,0,0,401,3,0
16154290,452,0,0,1334,87,0
16158918,0,0,0,653,5,2
16160495,2629,176,49,0,0,0
16167914,1977,111,28,678,17,41
16176721,0,0,0,1442,43,17
16178283,0,0,0,5388,473,117
16181130,785,45,37,2819,86,41
16181377,0,0,0,4765,269,52
16188942,610,10,31,1167,20,27
16195633,0,0,0,4936,329,6
16210988,2759,154,106,0,0,0
16220042,1347,47,14,0,0,0
16223537,7470,1453,202,0,0,0
16223688,0,0,0,1494,76,93
16240569,1407,75,43,4216,182,61
16259595,3130,197,82,0,0,0
16260741,0,0,0,3892,160,67
16283590,1026,25,24,673,10,17
16295025,0,0,0,2895,189,47
15608355,629,23,20,0,0,0
15608953,2345,134,25,587,4,26
15610774,599,7,34,2736,107,29
15612283,1356,106,5,1015,24,57
15617305,844,63,42,3881,435,37
15618614,0,0,0,1910,214,32
15623649,4506,327,83,1222,55,143
15629759,1254,39,1,1388,20,52
15632120,642,9,27,3684,196,33
15632282,1177,47,19,1107,26,43
15632371,968,8,0,475,8,2
15633329,0,0,0,3833,158,67
15636411,580,8,28,1848,63,21
15636958,656,12,23,3563,196,28
15638906,604,11,17,3163,132,26
15638932,688,6,22,2214,88,34
15639216,2372,121,47,445,7,29
15639294,1666,31,0,336,2,0
15639331,628,6,38,2016,90,50
15655801,577,2,18,1738,69,13
15656223,588,13,6,1582,43,17
15656826,692,11,19,2234,84,30
15662776,932,40,22,1265,51,3
15668309,3519,279,35,678,52,46
15668497,692,11,45,1477,72,1
15668869,958,19,31,2218,85,5
15669682,1644,48,22,0,0,0
15672263,0,0,0,827,21,1
15672269,0,0,0,2160,156,49
15673454,648,30,26,1266,46,0
15673715,389,9,8,943,27,1
15674269,0,0,0,1165,23,36
15674282,0,0,0,2253,66,36
15674294,0,0,0,461,4,0
15676016,1549,39,16,799,27,29
15676571,0,0,0,2132,107,56
15679639,0,0,0,4028,172,67
15680043,604,1,4,384,9,29
15680292,356,12,25,1354,44,3
15683275,0,0,0,3798,237,59
15684934,850,39,23,3223,165,20
15686444,1983,71,48,254,2,6
15688523,0,0,0,1629,103,67
15689046,1308,28,34,508,14,33
15691114,2392,108,47,0,0,0
15691118,1407,29,11,0,0,0
15691122,1429,36,7,0,0,0
15706875,0,0,0,2341,126,47
15718981,1114,34,4,1825,24,80
15721919,3325,184,190,0,0,0
16438190,2753,159,100,0,0,0
16439567,641,2,0,0,0,0
16439574,486,5,0,0,0,0
16439578,542,2,3,0,0,0
16440649,2279,141,93,0,0,0
16440704,2116,96,48,0,0,0
16442113,2682,117,55,0,0,0
16443509,0,0,0,3225,244,68
16443532,629,2,1,0,0,0
16443536,296,0,0,0,0,0
16443544,198,0,0,0,0,0
16443548,113,0,0,0,0,0
16443747,116,0,0,0,0,0
16444327,2571,176,140,0,0,0
16444544,1753,112,42,0,0,0
16444548,1789,95,27,525,13,25
16444552,2236,100,20,490,24,32
16444754,1609,63,0,588,6,22
16444758,1501,61,27,0,0,0
16445073,2053,126,53,0,0,0
16445338,2470,202,52,0,0,0
16448926,680,0,1,0,0,0
16448930,1723,59,7,0,0,0
16448934,472,4,0,0,0,0
16448954,1411,39,3,0,0,0
16448967,1145,16,1,0,0,0
16448971,1694,53,6,0,0,0
16448979,1393,48,18,0,0,0
16448983,633,7,4,0,0,0
16450562,0,0,0,2224,46,12
16457812,0,0,0,1738,55,76
16461910,315,0,0,0,0,0
16463097,0,0,0,611,14,0
16464284,3394,152,20,625,8,32
16464614,911,14,4,0,0,0
16468935,2448,102,61,1145,30,43
16471397,0,0,0,70,0,0
16471422,837,19,48,2344,170,0
16472086,4555,230,55,948,24,25
16474159,2071,68,13,546,8,26
16475849,4271,435,60,1499,124,51
16484888,906,22,39,2909,69,31
16485079,1455,39,57,3633,167,53
16485518,1321,39,30,0,0,0
16486385,2386,144,6,1486,38,56
16490014,807,34,12,0,0,0
16491111,565,1,0,94,1,1
16492104,2445,117,69,0,0,0
16494105,1522,76,36,0,0,0
16501652,1483,46,30,0,0,0
13833814,855,19,0,0,0,0
13834125,675,13,50,1940,94,26
13835439,201,2,22,1428,36,29
13836327,0,0,0,2813,187,46
13836912,0,0,0,784,2,1
13838330,116,0,0,331,0,0
13840191,77,0,0,376,0,0
13841014,0,0,0,316,0,0
13841523,0,0,0,879,35,31
13842372,733,8,20,1658,70,2
13849274,0,0,0,1111,20,22
13849557,2600,136,33,3277,112,115
13852833,3011,204,63,0,0,0
13854190,1323,59,37,192,2,22
13858797,0,0,0,4565,297,61
13858824,0,0,0,3051,122,107
13863331,0,0,0,4898,286,61
13948718,501,8,27,1088,60,1
13950464,762,17,25,909,39,13
13950873,0,0,0,180,0,0
13950952,0,0,0,251,0,0
13953184,298,10,14,1651,87,8
13953356,0,0,0,2074,96,29
13953546,1072,43,41,2867,155,31
13965334,0,0,0,271,0,0
13966425,0,0,0,268,0,0
13966828,1396,68,40,0,0,0
13967121,0,0,0,295,0,0
13967587,0,0,0,277,0,0
13968203,0,0,0,1007,57,4
13986477,0,0,0,2759,150,47
13986583,0,0,0,3558,164,43
13988443,596,0,0,3905,194,93
14000746,4349,548,0,1400,37,89
14034206,510,3,7,2671,177,9
14034311,2718,173,5,934,26,38
14039007,0,0,0,442,42,0
14071449,2517,156,37,926,31,39
14071613,2927,213,76,0,0,0
14073503,3657,278,30,869,19,31
14077179,483,5,0,3896,396,0
14077615,0,0,0,4220,294,89
14082322,6283,872,138,0,0,0
14083681,899,40,31,2880,255,31
14127447,817,58,49,2519,349,23
14133114,2443,118,50,0,0,0
14158399,5852,424,74,1029,48,83
14162492,2347,114,52,0,0,0
14206030,0,0,0,4603,356,74
14214039,1138,94,40,2055,207,2
16297403,672,16,33,1292,29,21
16316916,2444,126,62,0,0,0
16316973,0,0,0,473,9,2
16316981,0,0,0,323,4,0
16318521,0,0,0,2205,71,81
16318947,0,0,0,239,0,0
16327998,943,103,1,1794,229,69
16335254,1209,22,27,2049,53,43
16339338,0,0,0,3473,233,9
16339645,403,49,32,2309,182,20
16340011,0,0,0,2506,71,25
16340461,0,0,0,3327,216,62
16340977,1757,73,0,901,20,65
16342197,1619,145,2,1067,22,61
16345627,1068,63,1,688,10,32
16347283,524,14,34,1177,26,0
16347476,0,0,0,863,50,27
16347786,0,0,0,1073,74,0
16348875,1372,79,24,413,10,14
16350988,0,0,0,3493,206,60
16353832,1875,148,57,3317,181,4
16355225,0,0,0,1099,50,39
16356967,2564,104,1,1404,38,63
16361363,1710,117,14,410,13,19
16366055,822,29,10,240,5,4
16369928,288,7,15,1575,76,9
16383966,702,38,7,448,27,32
16385470,3134,170,0,2023,93,80
16386470,2579,104,67,0,0,0
16388736,226,2,1,1150,112,1
16393165,0,0,0,699,23,4
16399845,845,17,42,4811,250,26
16405545,0,0,0,4779,336,13
16409132,2259,75,60,0,0,0
16415910,2584,268,79,0,0,0
16422727,1981,82,28,0,0,0
16422744,1489,82,54,0,0,0
16424131,437,12,0,0,0,0
16427492,1680,175,57,0,0,0
16428373,2389,59,48,0,0,0
16431065,1379,28,31,0,0,0
16433177,1047,25,24,4256,170,52
16433696,3466,183,50,0,0,0
16434560,1529,38,18,504,9,12
16434824,1247,30,31,0,0,0
16434842,1129,0,0,2143,135,2
16435325,1444,21,49,0,0,0
16435406,1087,23,5,0,0,0
16435686,1385,48,61,0,0,0
16435965,3256,199,201,0,0,0
17359101,48,2,0,0,0,0
17359111,61,0,0,0,0,0
17359133,244,10,0,0,0,0
17359501,1136,53,0,0,0,0
17360010,1597,70,28,487,19,17
17360014,1294,31,35,0,0,0
17360022,1164,58,27,0,0,0
17360026,282,2,0,16,0,0
17360030,598,27,1,355,9,15
17360034,359,13,8,0,0,0
17360038,2532,208,45,325,5,18
17360042,672,30,1,566,7,5
17360070,1447,60,20,732,14,30
17360076,825,18,15,346,9,18
17360225,166,4,9,732,49,5
17360254,1329,59,16,1250,45,37
17360262,1409,110,44,202,10,4
17360266,771,55,0,462,11,40
17360282,2505,204,29,392,20,29
17360286,790,43,4,498,3,22
17360296,1806,213,1,724,43,44
17360404,1653,63,37,0,0,0
17360593,0,0,0,2196,61,35
17361566,0,0,0,1683,103,26
17361570,0,0,0,280,9,4
17361757,3918,275,73,0,0,0
17362538,0,0,0,1409,43,22
17370898,0,0,0,271,0,0
17371133,0,0,0,187,0,0
17371213,0,0,0,164,0,0
17371245,0,0,0,105,0,0
17371295,0,0,0,229,0,0
17371351,0,0,0,313,0,0
17371530,0,0,0,240,0,0
17371651,0,0,0,254,0,0
17371662,0,0,0,291,0,0
17372181,0,0,0,311,0,0
17372894,0,0,0,150,0,0
17373283,2472,197,1,0,0,0
17377722,0,0,0,186,0,0
17377891,0,0,0,231,0,0
17378455,0,0,0,431,13,11
17378469,0,0,0,217,0,1
17378475,0,0,0,610,31,10
17378483,418,20,27,2464,169,34
17378530,0,0,0,139,0,0
17378548,0,0,0,1284,37,18
17378636,0,0,0,138,0,0
17378648,0,0,0,1983,151,25
17378746,0,0,0,84,0,0
16952671,963,28,0,0,0,0
16952691,1379,110,1,0,0,0
16959698,1334,58,33,0,0,0
16961482,1561,54,9,910,18,25
16977881,3698,222,193,0,0,0
16978882,2883,272,37,816,52,34
16985194,2029,53,25,256,5,18
16987409,669,18,26,3072,190,25
16992171,1086,104,0,650,11,52
17000062,719,56,20,0,0,0
17012001,200,8,16,1646,83,9
17013073,949,42,47,4178,331,15
17013169,0,0,0,3911,182,61
17016974,6003,854,23,1261,73,73
17019327,1639,75,72,2279,183,1
17022668,2310,159,2,497,5,22
17022787,0,0,0,592,0,0
17025508,0,0,0,1031,25,3
17036132,2308,73,55,346,0,0
17036160,2278,70,47,385,0,0
17038587,4609,298,53,947,34,39
17047087,2640,210,54,0,0,0
17048093,192,0,0,0,0,0
17048338,102,1,0,0,0,0
17053270,2017,242,1,0,0,0
17058350,0,0,0,3027,184,59
17062823,1270,77,11,0,0,0
17067625,1018,20,20,0,0,0
17075832,456,31,0,0,0,0
17083341,944,57,46,2118,117,1
17086412,1317,50,23,0,0,0
17087885,1701,94,1,110,0,1
17102002,682,31,0,167,1,0
17102148,318,0,0,0,0,0
17102418,376,0,0,0,0,0
17102547,353,1,0,0,0,0
17102618,303,0,0,0,0,0
17102687,390,0,0,0,0,0
17102750,269,0,0,0,0,0
17102765,450,0,0,0,0,0
17102874,341,0,0,0,0,0
17102940,297,0,0,0,0,0
17102996,229,0,0,0,0,0
17105218,1156,57,0,848,13,25
17105842,1429,24,18,0,0,0
17105977,2061,62,27,0,0,0
17107661,0,0,0,3793,110,72
17108278,1815,151,52,0,0,0
17109286,909,37,0,1077,25,34
17110007,1842,195,1,1358,76,65
16515871,0,0,0,4098,360,45
16520950,0,0,0,2389,164,0
16540741,866,24,49,1225,52,0
16541149,1484,68,37,0,0,0
16544462,3633,133,61,0,0,0
16544485,2953,116,55,0,0,0
16544689,530,0,0,0,0,0
16544695,432,0,0,0,0,0
16544705,391,0,0,0,0,0
16544712,2008,48,37,0,0,0
16545101,2789,150,57,0,0,0
16545113,2373,139,83,0,0,0
16545179,2387,73,113,0,0,0
16545264,2732,123,67,0,0,0
16547252,1908,70,52,0,0,0
16547268,1570,38,33,0,0,0
16547281,2619,192,51,0,0,0
16547287,1459,40,43,0,0,0
16547292,2663,122,78,0,0,0
16547297,1948,61,59,0,0,0
16547306,450,0,0,0,0,0
16554856,1171,40,19,120,5,11
16560178,1410,95,0,1559,102,74
16561224,1384,71,0,925,27,22
16561284,1828,162,0,2902,193,73
16561429,0,0,0,1542,46,33
16561660,1242,29,6,738,3,16
16562142,1205,100,0,707,3,11
16571210,591,25,5,2045,81,0
16578252,972,42,58,1808,128,0
16586265,0,0,0,249,0,0
16588928,423,1,0,0,0,0
16594509,0,0,0,3090,192,66
16594752,4764,308,58,907,11,33
16595001,1053,16,66,0,0,0
16617920,606,8,24,2762,95,39
16625432,0,0,0,2581,93,33
16627773,3316,186,128,0,0,0
16627838,3819,224,186,0,0,0
16627861,2567,178,158,0,0,0
16627950,2564,110,62,0,0,0
16628000,953,17,9,0,0,0
16629757,2881,143,102,0,0,0
16629788,3586,184,189,0,0,0
16629886,248,4,13,914,32,9
16629931,2660,168,92,0,0,0
16630024,2883,186,91,0,0,0
16630264,3809,187,174,0,0,0
16630385,3688,224,205,0,0,0
16630479,1045,62,20,123,3,0
16630941,2550,189,150,0,0,0
16631114,2979,161,174,0,0,0
16631222,2012,94,65,0,0,0
16631248,2227,112,55,0,0,0
16635345,917,73,18,474,35,42
16636860,1345,64,20,0,0,0
16637377,2513,155,64,0,0,0
16645923,372,0,0,0,0,0
16651566,0,0,0,1164,19,30
16666673,0,0,0,722,22,20
16667306,1161,123,1,0,0,0
16667592,1368,89,0,0,0,0
16670540,1136,50,0,0,0,0
16671014,575,11,32,1418,104,0
16675987,1339,47,14,0,0,0
16676038,1673,100,34,0,0,0
16683646,0,0,0,409,0,0
16683802,0,0,0,242,0,0
16683883,1315,41,1,0,0,0
16683943,1024,17,2,0,0,0
16685117,633,37,50,461,17,0
16686371,2027,51,15,224,6,13
16690648,603,2,2,917,25,3
16691937,0,0,0,6892,501,168
16693923,2024,51,29,0,0,0
16698702,0,0,0,244,0,0
16698716,0,0,0,237,0,0
16698830,0,0,0,218,0,0
16699958,1127,41,80,4617,580,0
16709072,1069,67,49,1094,40,2
16713227,1079,17,0,398,0,2
16713231,405,2,0,1952,36,5
16714214,0,0,0,1482,76,26
16720240,0,0,0,3758,195,141
16735586,0,0,0,4540,382,114
16742642,1631,81,54,0,0,0
16753901,1705,96,0,537,17,36
16758011,599,42,17,4393,205,42
16782830,3837,403,37,0,0,0
16784307,149,0,1,1037,2,0
16797672,2792,486,52,1562,147,26
16799809,1920,86,13,443,8,14
16799939,2639,128,63,0,0,0
16823703,2022,163,72,4525,441,46
16838915,1660,69,28,0,0,0
16841026,0,0,0,2319,91,26
16846805,1319,136,30,3897,551,112
16846902,575,8,15,2511,64,44
16848475,3712,143,25,930,45,42
16848497,3855,161,31,689,11,32
16848587,2182,71,65,1148,19,67
16850888,0,0,0,3238,189,159
16851496,2512,242,4,0,0,0
16851577,1962,123,23,0,0,0
16851718,1950,115,50,0,0,0
16851791,3324,221,48,0,0,0
16852421,624,32,36,3444,230,52
16852589,1739,137,0,723,19,66
16852622,1463,96,0,0,0,0
16856369,1880,106,31,0,0,0
16856539,964,90,64,2648,238,34
16856617,1363,75,34,0,0,0
16863538,1474,35,26,0,0,0
16868923,3483,391,7,1004,47,43
16883909,2529,236,39,752,27,36
16884085,541,4,25,2867,124,14
16884962,0,0,0,696,21,23
16886842,1304,51,0,766,8,24
16906721,1880,55,25,0,0,0
16910799,1443,85,193,4077,355,0
16913476,1160,52,50,1392,54,2
16924423,524,35,29,1296,103,19
16928740,1650,75,1,0,0,0
16931001,1750,91,32,0,0,0
16933362,1530,104,69,0,0,0
16934932,603,10,27,1465,120,0
16935790,1172,32,2,829,27,28
16937395,1237,44,37,0,0,0
16937799,858,48,1,925,4,39
16937815,3029,110,58,0,0,0
16938723,635,0,0,0,0,0
16939375,2266,150,84,0,0,0
16939501,130,1,0,0,0,0
16947349,0,0,0,2415,107,58
16950097,1563,53,35,0,0,0
16950115,2318,216,53,0,0,0
16950121,2333,190,53,0,0,0
16950321,948,21,21,0,0,0
16950354,0,0,0,1729,71,0
16950391,0,0,0,658,0,0
16950404,0,0,0,590,0,0
16950443,0,0,0,1445,52,2
16950550,0,0,0,1531,94,0
16950736,0,0,0,640,0,0
16950767,0,0,0,1491,81,0
16950798,0,0,0,2861,171,24
16952642,1036,25,1,0,0,0
16952648,896,16,2,0,0,0
16952654,355,0,0,0,0,0
16952665,1029,31,5,0,0,0
17728586,65,0,0,0,0,0
17728605,509,32,6,0,0,0
17728622,38,0,0,0,0,0
17728627,35,0,0,0,0,0
17728632,800,12,14,0,0,0
17728637,157,0,0,0,0,0
17728642,94,0,0,0,0,0
17728647,126,0,0,0,0,0
17728657,78,0,0,0,0,0
17728667,113,0,0,0,0,0
17728672,65,0,0,0,0,0
17728677,73,0,0,0,0,0
17728682,112,1,0,0,0,0
17728690,149,0,0,0,0,0
17728695,1501,58,46,0,0,0
17728707,46,0,0,0,0,0
17728718,121,1,0,0,0,0
17728723,790,40,30,0,0,0
17728730,1123,63,15,0,0,0
17728737,49,0,0,0,0,0
17728742,27,0,0,0,0,0
17728747,110,0,0,0,0,0
17728756,110,0,0,0,0,0
17728761,74,0,0,0,0,0
17728766,74,0,0,0,0,0
17728771,58,0,0,0,0,0
17728776,42,0,0,0,0,0
17728781,644,32,33,0,0,0
17728793,37,0,0,0,0,0
17728798,35,0,0,0,0,0
17728803,85,0,0,0,0,0
17728809,32,0,0,0,0,0
17728814,20,0,0,0,0,0
17728819,17,0,0,0,0,0
17728824,37,0,0,0,0,0
17728852,246,0,0,0,0,0
17728857,258,0,0,0,0,0
17728879,28,0,0,0,0,0
17728896,776,17,5,0,0,0
17728902,24,0,0,0,0,0
17728907,26,0,0,0,0,0
17728922,2186,137,30,491,16,15
17728927,220,0,0,0,0,0
17728933,105,0,0,0,0,0
17728939,57,0,0,0,0,0
17728944,55,0,0,0,0,0
17728950,54,0,0,0,0,0
17728954,56,0,0,0,0,0
17728986,22,0,0,0,0,0
17728991,178,0,0,0,0,0
17470795,24,0,0,0,0,0
17472365,300,0,0,0,0,0
17473163,671,31,0,120,4,0
17475170,281,0,0,476,0,0
17475177,484,0,0,0,0,0
17475477,0,0,0,166,0,0
17476873,0,0,0,20,0,0
17476916,0,0,0,7,0,0
17476920,0,0,0,7,0,0
17476934,0,0,0,4,0,0
17476964,0,0,0,4,0,0
17476975,0,0,0,1,0,0
17484564,2495,113,52,0,0,0
17486011,147,0,0,0,0,0
17486039,291,0,0,0,0,0
17488886,920,20,12,0,0,0
17513284,1186,91,30,0,0,0
17519292,0,0,0,268,0,0
17519416,0,0,0,284,0,0
17519537,0,0,0,300,0,0
17519626,0,0,0,1677,139,4
17523403,0,0,0,217,0,0
17525174,0,0,0,5031,191,109
17529547,0,0,0,746,13,1
17535542,1019,32,52,1846,128,0
17537254,114,0,1,1094,46,0
17541953,392,4,15,1140,48,27
17543765,0,0,0,375,13,6
17544220,0,0,0,365,0,0
17544238,0,0,0,410,0,0
17544280,0,0,0,301,0,0
17544312,0,0,0,328,0,0
17544330,0,0,0,284,0,0
17545164,0,0,0,280,0,0
17545179,0,0,0,233,0,0
17545195,0,0,0,263,0,0
17545203,0,0,0,340,0,0
17545221,0,0,0,326,0,0
17545234,0,0,0,353,9,0
17545271,0,0,0,339,0,0
17545296,0,0,0,359,0,0
17545744,0,0,0,480,3,0
17545755,0,0,0,227,1,0
17545766,0,0,0,214,0,0
17545782,0,0,0,169,0,0
17545795,0,0,0,356,0,0
17545806,0,0,0,322,0,0
17545868,0,0,0,294,0,0
17545878,0,0,0,173,0,0
17545905,0,0,0,316,0,0
17315288,1810,106,33,602,31,33
17321919,384,29,0,109,2,2
17323054,521,47,58,1145,87,2
17324637,0,0,0,5382,212,82
17324711,511,1,1,2199,92,0
17326213,0,0,0,937,28,14
17326218,0,0,0,3555,285,63
17327188,0,0,0,1120,16,30
17328580,431,4,13,1500,24,15
17328632,0,0,0,3241,152,32
17330632,953,21,47,3062,176,9
17334530,2185,204,76,0,0,0
17335266,0,0,0,2184,78,58
17336347,506,13,19,1889,52,19
17340931,785,54,32,1646,108,24
17340955,1472,115,3,1697,50,64
17340973,0,0,0,2797,94,26
17343664,331,0,0,0,0,0
17351780,602,14,0,310,1,0
17352424,0,0,0,171,0,0
17352429,0,0,0,245,0,0
17352444,0,0,0,202,0,0
17352452,0,0,0,175,0,0
17352470,187,1,4,643,15,0
17352476,49,0,0,543,0,0
17352818,1226,6,1,167,4,0
17352824,1105,36,21,0,0,0
17353986,885,58,0,0,0,0
17354392,1940,69,27,599,13,24
17354403,909,33,6,0,0,0
17354414,1358,101,19,938,52,15
17354423,323,1,0,0,0,0
17355495,337,2,0,0,0,0
17355745,762,66,10,0,0,0
17355757,4086,560,53,793,49,37
17355860,0,0,0,844,18,32
17355864,574,18,19,1083,46,44
17355872,0,0,0,505,58,5
17355884,0,0,0,143,0,0
17355888,0,0,0,354,0,0
17355892,0,0,0,34,0,0
17356020,0,0,0,229,0,0
17356024,503,13,53,1296,115,0
17356442,1749,176,62,0,0,0
17356450,1365,99,44,0,0,0
17356454,611,34,8,0,0,0
17356467,525,33,9,0,0,0
17357979,1278,91,77,2471,263,2
17358864,651,68,0,324,16,22
17358891,1018,63,1,0,0,0
17728998,98,0,0,0,0,0
17729005,112,0,0,0,0,0
17729020,1196,51,17,426,11,24
17729029,22,0,0,0,0,0
17729056,27,0,0,0,0,0
17729062,52,0,0,0,0,0
17729073,32,0,0,0,0,0
17729078,53,0,0,0,0,0
17729088,4175,219,21,1320,21,44
17729105,64,0,0,0,0,0
17729110,1906,85,23,621,12,22
17729116,206,0,0,0,0,0
17729126,55,0,0,0,0,0
17729131,49,0,0,0,0,0
17729136,62,0,0,0,0,0
17729141,69,0,0,0,0,0
17729146,76,0,0,0,0,0
17729151,66,0,0,0,0,0
17729156,67,0,0,0,0,0
17729161,1675,89,20,0,0,0
17729167,1954,113,24,0,0,0
17729178,143,0,0,0,0,0
17729190,35,0,0,0,0,0
17729195,760,32,15,0,0,0
17729206,73,0,0,0,0,0
17729211,70,0,0,0,0,0
17729216,165,0,0,0,0,0
17729223,77,0,0,0,0,0
17729228,91,0,0,0,0,0
17729233,159,0,0,0,0,0
17729239,110,0,0,0,0,0
17729244,121,0,0,0,0,0
17729249,88,0,0,0,0,0
17729265,62,0,0,0,0,0
17729270,55,0,0,0,0,0
17729275,57,0,0,0,0,0
17729280,31,0,0,0,0,0
17729311,26,0,0,0,0,0
17729316,70,0,0,0,0,0
17729335,798,29,29,0,0,0
17729341,234,2,0,0,0,0
17729347,1173,24,23,0,0,0
17729357,86,1,0,0,0,0
17729370,76,0,0,0,0,0
17729381,142,0,0,0,0,0
17729387,249,1,0,0,0,0
17729394,166,3,0,0,0,0
17729410,855,35,26,0,0,0
17729418,502,13,6,0,0,0
17729424,962,22,15,0,0,0
17654634,0,0,0,3012,127,44
17654638,924,7,39,2200,104,26
17654645,245,7,8,1096,43,3
17654651,0,0,0,52,1,0
17654911,0,0,0,197,0,0
17654921,0,0,0,239,0,0
17654936,0,0,0,49,0,0
17654967,0,0,0,872,20,40
17654973,0,0,0,1088,7,15
17654991,809,1,31,1027,45,0
17655000,469,11,42,505,30,0
17656886,0,0,0,1057,53,1
17658562,0,0,0,47,0,0
17658602,997,5,32,1185,48,1
17658634,0,0,0,216,0,0
17658643,0,0,0,75,0,0
17658672,0,0,0,1084,37,26
17658847,0,0,0,47,0,0
17658857,0,0,0,27,0,0
17658863,0,0,0,34,0,0
17658884,0,0,0,1649,72,27
17658907,0,0,0,1620,45,53
17658927,0,0,0,1123,48,39
17658943,0,0,0,1738,37,52
17658948,704,10,32,1232,22,5
17658965,0,0,0,37,0,0
17658978,0,0,0,920,118,1
17659014,77,0,0,889,24,0
17659219,0,0,0,301,21,0
17660233,0,0,0,1464,50,16
17660999,0,0,0,46,0,0
17663944,0,0,0,1923,67,55
17671219,0,0,0,3542,230,54
17671375,0,0,0,2579,102,48
17679315,0,0,0,37,0,0
17680735,0,0,0,50,0,0
17680749,0,0,0,59,0,0
17680767,0,0,0,16,0,0
17680861,0,0,0,63,0,0
17680870,0,0,0,63,0,0
17696578,1633,81,40,0,0,0
17698681,0,0,0,315,0,0
17704333,0,0,0,50,0,0
17704655,0,0,0,46,0,0
17728546,44,0,0,0,0,0
17728556,37,0,0,0,0,0
17728561,63,0,0,0,0,0
17728566,106,0,0,0,0,0
17728571,215,5,2,0,0,0
17728581,190,0,0,0,0,0
17546995,0,0,0,271,0,0
17547011,0,0,0,191,0,0
17555058,0,0,0,780,0,0
17557183,0,0,0,370,0,0
17557234,0,0,0,146,0,0
17557290,882,32,18,782,22,34
17560205,0,0,0,515,0,0
17560221,0,0,0,530,2,0
17560864,0,0,0,454,0,1
17560904,0,0,0,197,0,0
17561974,0,0,0,53,0,0
17562001,0,0,0,423,0,1
17562037,0,0,0,272,1,0
17562074,0,0,0,207,0,0
17562098,0,0,0,366,3,0
17562128,0,0,0,150,0,0
17562172,0,0,0,17,0,0
17574013,795,14,15,0,0,0
17583465,0,0,0,517,0,0
17587452,0,0,0,705,22,36
17587710,0,0,0,682,17,25
17587726,0,0,0,892,89,0
17587730,0,0,0,801,56,0
17588623,1092,24,25,2478,102,46
17588631,173,0,0,344,0,0
17589475,161,2,3,842,23,0
17591442,0,0,0,3957,274,91
17591687,0,0,0,2212,59,21
17629147,0,0,0,300,0,0
17629156,0,0,0,234,0,0
17629170,0,0,0,298,0,0
17629213,0,0,0,1748,68,32
17634397,0,0,0,33,0,0
17634407,0,0,0,3,0,0
17634436,0,0,0,0,0,0
17639784,3210,273,56,743,44,38
17639824,0,0,0,1384,35,0
17641913,2475,120,38,0,0,0
17647621,741,5,15,1368,40,0
17653988,148,0,0,0,0,0
17654514,0,0,0,1198,99,0
17654519,0,0,0,498,29,0
17654560,0,0,0,11,0,0
17654576,0,0,0,98,0,0
17654585,0,0,0,136,0,0
17654592,0,0,0,77,0,0
17654597,0,0,0,52,0,0
17654612,0,0,0,67,0,0
17654617,542,3,15,1468,63,39
17654624,821,9,15,4543,237,38
17729431,50,0,0,0,0,0
17729436,50,0,0,0,0,0
17729441,118,1,2,0,0,0
17729449,360,3,0,0,0,0
17729458,68,0,0,0,0,0
17729814,68,0,0,0,0,0
17729822,222,0,0,0,0,0
17729864,341,2,1,0,0,0
17729881,98,0,0,0,0,0
17729888,1336,59,49,0,0,0
17729973,1463,62,11,1185,24,39
17730092,255,0,0,0,0,0
17730108,314,0,0,0,0,0
17730115,178,0,0,0,0,0
17730121,308,2,2,0,0,0
17730159,370,0,0,0,0,0
17731912,142,0,0,0,0,0
17731918,147,1,0,0,0,0
17731951,37,0,0,0,0,0
17731956,79,0,0,0,0,0
17731961,56,0,0,0,0,0
17731977,68,0,0,0,0,0
17731982,48,0,0,0,0,0
17732031,2167,104,32,1015,19,53
17732066,40,0,0,0,0,0
17732071,421,14,0,0,0,0
17732076,574,23,39,0,0,0
17732085,1352,100,36,0,0,0
17732203,106,1,0,0,0,0
17732214,163,1,1,0,0,0
17732223,153,0,0,0,0,0
17732231,47,0,0,0,0,0
17732251,45,3,0,0,0,0
17732256,836,82,0,0,0,0
17732270,1765,85,1,0,0,0
17732291,822,19,6,0,0,0
17732311,623,38,1,0,0,0
17732334,834,56,1,0,0,0
17732346,1342,119,27,0,0,0
17732426,1452,162,0,0,0,0
17732486,115,0,0,0,0,0
17732589,268,0,0,0,0,0
17732661,219,0,0,0,0,0
17732737,1382,69,9,0,0,0
17732791,697,28,6,0,0,0
17732858,121,0,0,0,0,0
17732864,139,0,0,0,0,0
17732880,116,0,0,0,0,0
17732900,242,0,0,0,0,0
17732966,73,0,0,0,0,0
17379121,0,0,0,55,0,0
17379283,0,0,0,180,2,0
17379298,0,0,0,487,31,0
17379360,128,5,2,931,18,0
17379372,1199,95,45,4085,229,66
17379420,756,7,29,1700,180,4
17380013,0,0,0,758,0,0
17380080,0,0,0,3124,131,83
17380092,94,1,7,1516,66,21
17380192,0,0,0,715,0,0
17380214,0,0,0,917,0,0
17380245,0,0,0,447,0,0
17380305,0,0,0,294,0,0
17380309,0,0,0,694,15,26
17380319,338,14,29,585,22,0
17380345,129,0,0,1036,82,0
17380464,0,0,0,37,0,0
17383068,0,0,0,72,0,0
17383431,883,59,45,0,0,0
17384874,537,28,27,2578,94,26
17390677,0,0,0,291,2,4
17390746,0,0,0,184,0,0
17390766,0,0,0,226,1,0
17390827,0,0,0,384,1,0
17390884,0,0,0,109,0,0
17414715,3750,261,97,0,0,0
17415321,199,5,1,0,0,0
17415439,830,32,40,3291,159,33
17420035,1301,57,28,0,0,0
17423125,200,7,0,0,0,0
17423412,2192,78,68,0,0,0
17425996,0,0,0,3337,225,89
17430685,2349,88,24,878,10,26
17434825,3128,160,23,1723,74,71
17435815,604,28,48,1102,45,0
17436919,0,0,0,531,0,0
17437048,0,0,0,488,0,0
17437719,0,0,0,3048,160,52
17437725,0,0,0,3373,134,59
17438424,762,29,55,3646,311,59
17448356,1798,78,64,0,0,0
17454636,2554,204,57,0,0,0
17454963,57,1,0,0,0,0
17455871,0,0,0,3944,167,67
17464168,1182,22,76,0,0,0
17466463,0,0,0,1052,23,30
17468727,1875,48,29,0,0,0
17470004,92,0,0,0,0,0
17470159,236,0,0,0,0,0
17470775,42,0,0,0,0,0
17110024,1075,47,0,921,6,27
17110189,1580,107,0,959,11,35
17110221,201,0,0,0,0,0
17114027,291,4,0,0,0,0
17123466,0,0,0,2139,99,9
17125520,949,54,36,2343,150,55
17132009,1300,22,55,2999,68,46
17140424,2478,336,5,0,0,0
17147410,3140,201,120,0,0,0
17147698,3719,431,43,0,0,0
17150791,2700,270,61,0,0,0
17165286,1960,124,45,0,0,0
17165429,1336,52,4,0,0,0
17165621,1468,82,10,399,12,28
17165711,574,39,42,3959,226,34
17165755,1208,166,0,187,1,10
17166682,0,0,0,2915,127,36
17170215,1446,65,15,0,0,0
17173852,2487,252,80,2042,161,0
17173922,2783,210,77,2206,178,1
17176767,3278,346,38,640,23,37
17176781,642,16,46,3194,303,29
17176808,3703,197,65,0,0,0
17176819,0,0,0,4330,208,59
17176866,2450,112,46,0,0,0
17176882,0,0,0,1826,45,51
17176911,3149,201,65,0,0,0
17176927,0,0,0,3713,264,67
17177005,1919,125,7,1306,60,51
17177103,3218,244,47,11,0,0
17177115,262,1,3,2499,211,37
17177419,1973,112,46,0,0,0
17192980,826,0,0,4,0,0
17193070,836,3,0,30,0,0
17223643,1854,62,39,0,0,0
17223685,1534,39,15,0,0,0
17224013,1664,56,21,0,0,0
17237305,1074,119,1,1099,70,46
17244655,1645,33,36,0,0,0
17247877,0,0,0,880,38,17
17276867,3926,366,33,910,33,49
17277623,2323,168,87,0,0,0
17278502,0,0,0,2367,77,20
17280216,2238,152,57,0,0,0
17295912,2268,110,6,2129,160,61
17297936,0,0,0,1828,54,33
17298108,0,0,0,1437,27,24
17300165,4703,387,53,1521,65,69
17304269,0,0,0,590,32,18
17306107,1088,50,0,666,29,23
19395500,2960,131,41,0,0,0
19395562,193,0,0,0,0,0
19395651,143,0,0,0,0,0
19395656,241,0,0,0,0,0
19395698,150,0,0,0,0,0
19395704,101,0,0,52,0,0
19396494,232,0,0,0,0,0
19396502,283,0,0,0,0,0
19396510,355,1,0,0,0,0
19396517,290,0,0,0,0,0
19402002,209,0,0,0,0,0
19402006,93,0,0,0,0,0
19402010,207,0,0,0,0,0
19404939,200,0,0,0,0,0
19404964,73,0,0,0,0,0
19422319,250,1,0,0,0,0
19428881,68,0,0,0,0,0
19433138,102,0,0,0,0,0
19437152,108,0,0,0,0,0
19437159,26,0,0,0,0,0
19470184,512,0,0,0,0,0
19508873,0,0,0,2431,139,18
19538646,61,0,0,0,0,0
19539229,40,0,0,0,0,0
19539248,21,0,0,0,0,0
19560124,57,0,0,0,0,0
19611917,2589,113,51,0,0,0
19701236,92,0,0,0,0,0
19701243,215,1,0,0,0,0
19785305,1161,49,15,0,0,0
19786464,598,23,37,1048,101,14
19806024,127,0,0,0,0,0
19806028,27,0,0,0,0,0
19807956,149,0,0,0,0,0
19810129,0,0,0,762,0,0
19810158,0,0,0,771,0,0
19813717,0,0,0,594,0,0
19822910,39,0,0,0,0,0
19835787,665,12,22,0,0,0
19851505,0,0,0,67,0,0
19851510,0,0,0,73,0,0
19857573,0,0,0,1725,51,33
19857577,0,0,0,1374,70,26
19880680,972,42,37,0,0,0
19880740,2179,77,73,0,0,0
19881737,1446,77,10,380,6,27
19884188,1105,49,13,536,13,23
19912660,0,0,0,327,0,0
19919566,1943,64,63,0,0,0
19929273,1452,26,32,0,0,0
19156025,0,0,0,2658,119,61
19166349,2144,113,50,0,0,0
19167389,1023,33,18,401,2,4
19175973,2083,138,20,382,16,10
19190681,0,0,0,1330,86,2
19193024,123,0,0,0,0,0
19193066,73,1,0,0,0,0
19268007,2722,118,15,631,23,17
19271710,1386,68,71,2823,416,0
19276024,0,0,0,2846,119,101
19298625,1658,108,0,140,0,1
19298644,1341,57,0,210,1,1
19352341,35,0,0,0,0,0
19352347,32,0,0,0,0,0
19352379,138,0,0,0,0,0
19352392,140,0,1,0,0,0
19352399,41,0,0,0,0,0
19352403,125,0,0,0,0,0
19352411,62,0,0,0,0,0
19357994,252,0,0,0,0,0
19358765,44,0,0,0,0,0
19359257,122,0,0,0,0,0
19359287,111,0,0,0,0,0
19361208,260,0,0,48,0,0
19361212,270,0,0,0,0,0
19361427,1515,100,0,0,0,0
19362116,64,0,0,0,0,0
19375019,0,0,0,438,0,0
19375103,267,0,0,482,0,0
19375118,202,0,0,409,0,0
19375183,224,0,0,412,0,0
19375188,0,0,0,366,0,0
19375193,205,0,0,386,0,0
19376548,379,0,0,0,0,0
19376559,421,0,0,0,0,0
19376564,451,0,0,43,0,0
19376569,379,0,0,4,0,0
19376581,469,0,0,146,0,0
19376664,0,0,0,368,0,0
19389324,126,0,0,0,0,0
19389329,61,0,0,0,0,0
19389333,136,1,0,0,0,0
19389343,90,0,0,0,0,0
19389347,77,0,0,0,0,0
19389353,87,0,0,0,0,0
19393720,165,0,0,78,0,0
19393736,121,0,0,21,0,0
19393740,134,0,0,97,0,0
19393744,124,0,0,70,0,0
19393756,99,0,0,72,0,0
19950281,0,0,0,1136,26,42
19989037,0,0,0,3293,114,40
20106468,433,5,26,2258,75,28
20139548,1381,81,3,322,0,0
20151537,1111,48,0,996,32,63
20172310,1156,78,21,0,0,0
20242957,0,0,0,595,29,6
20278329,0,0,0,3219,101,90
20343986,1527,92,50,0,0,0
20344845,0,0,0,1395,63,23
20370716,0,0,0,3256,165,45
20376769,435,1,0,110,0,0
20377309,402,0,0,0,0,0
20379247,870,23,0,929,5,36
20421224,1358,21,36,0,0,0
20443342,0,0,0,571,0,0
20443362,0,0,0,1581,56,15
20443420,743,10,14,3712,144,29
20443443,0,0,0,703,0,0
20443457,1151,52,142,4477,341,107
20443501,887,22,31,1828,88,12
20443505,0,0,0,698,9,17
20443544,0,0,0,1466,91,14
20443571,0,0,0,1475,70,26
20443598,1461,30,46,2450,72,9
20479904,0,0,0,257,0,0
20479959,0,0,0,3054,88,41
20536322,0,0,0,2002,60,37
20556072,524,17,3,0,0,0
20730780,1804,95,23,346,9,25
20753167,0,0,0,1269,32,0
20812872,850,24,28,0,0,0
20812884,81,0,0,0,0,0
20911955,0,0,0,616,49,0
20911961,0,0,0,936,61,0
20981306,721,23,22,0,0,0
20981350,1713,87,13,0,0,0
21133456,1477,47,22,0,0,0
21136945,2584,202,1,0,0,0
21220994,3065,93,38,712,6,12
17733517,137,0,0,0,0,0
17733525,125,0,0,0,0,0
17736450,95,0,0,0,0,0
17736613,101,0,0,0,0,0
17736635,232,0,0,0,0,0
17736641,863,82,0,0,0,0
17736654,1080,116,0,0,0,0
17736748,413,20,0,0,0,0
17736755,633,35,0,0,0,0
17740547,1129,25,10,0,0,0
17743170,3471,157,120,0,0,0
17744059,0,0,0,429,0,0
17746794,526,23,0,778,39,33
17755491,0,0,0,2092,89,19
17756162,0,0,0,2681,148,44
17762417,0,0,0,1911,72,31
17769815,1796,50,10,1357,23,21
17769819,141,0,0,341,0,0
17776906,1290,79,31,0,0,0
17776982,498,41,5,91,0,0
17777031,968,68,4,0,0,0
17777052,133,0,0,0,0,0
17777259,606,11,20,3684,202,48
17777981,798,21,0,968,40,62
17784367,853,46,80,6912,541,72
17804729,1562,34,7,716,10,29
17806341,1202,19,39,4671,303,18
17809869,723,66,0,0,0,0
17813001,0,0,0,2072,64,43
17813006,712,24,25,3245,256,19
17813457,2183,135,1,737,42,37
17813499,1101,40,0,643,12,26
17814107,627,26,8,0,0,0
17819985,0,0,0,1265,12,38
17822238,0,0,0,4058,258,60
17827011,1868,30,23,0,0,0
17827115,0,0,0,4885,152,47
17844900,2965,118,48,0,0,0
17847543,0,0,0,2727,148,72
17850822,0,0,0,1972,60,38
17854345,998,56,89,3006,292,16
17867309,705,19,30,2917,107,43
17877682,0,0,0,852,48,0
17882830,195,0,1,26,0,0
17884299,0,0,0,1787,68,69
17896997,0,0,0,3378,126,65
17897230,0,0,0,1931,86,27
17897298,0,0,0,1663,73,28
17913032,0,0,0,3476,183,37
17913185,0,0,0,1456,55,33
17913199,0,0,0,2608,142,59
17927604,1650,72,47,0,0,0
17933822,1085,55,18,0,0,0
17937123,0,0,0,3880,219,42
17937986,647,19,40,1880,61,34
17937991,0,0,0,578,26,24
17941609,107,1,0,1317,17,10
17942676,0,0,0,3256,113,67
17951049,474,9,0,0,0,0
17952967,1789,86,57,3263,232,6
17962513,1616,45,51,0,0,0
17975547,1016,49,33,0,0,0
17980698,0,0,0,3220,126,64
17980792,988,49,44,4325,190,45
17990556,0,0,0,2419,67,39
18023286,1683,83,8,671,2,24
18028397,3991,649,123,247,0,0
18035063,2278,77,37,701,17,28
18035864,3245,418,37,868,55,43
18058644,1888,64,10,408,9,15
18058793,929,77,0,268,2,4
18059683,110,0,1,0,0,0
18059690,109,0,2,0,0,0
18062678,2595,330,12,1149,38,51
18076102,1392,92,1,0,0,0
18080008,0,0,0,987,48,26
18087179,1025,38,41,0,0,0
18088813,874,18,21,0,0,0
18098174,1598,71,78,3308,222,0
18099401,1869,94,13,197,2,7
18111410,2370,207,47,0,0,0
18123575,652,37,11,0,0,0
18133444,943,13,20,1582,53,0
18134183,367,2,0,0,0,0
18142558,691,33,38,3107,154,37
18149325,902,69,0,533,9,21
18163015,0,0,0,1605,36,38
18187865,0,0,0,1135,35,23
18220289,0,0,0,3113,153,46
18232369,786,21,44,1218,37,0
18248435,0,0,0,3290,149,48
18264509,0,0,0,2468,78,41
18267838,1498,61,34,0,0,0
18292832,0,0,0,3802,206,29
18302610,0,0,0,1933,66,16
18302665,0,0,0,1649,48,16
18302931,1195,33,39,895,7,0
18305433,983,53,0,0,0,0
18305476,447,29,0,27,0,0
18341449,0,0,0,2285,72,36
18412747,1699,42,21,529,14,19
18425189,0,0,0,2170,68,21
18440675,954,43,1,0,0,0
18464581,1055,81,0,2406,199,0
18485293,1152,22,0,769,3,13
18500915,2450,56,34,684,14,19
18500988,3211,252,60,2255,95,135
18501001,2487,102,25,0,0,0
18527962,1577,49,18,0,0,0
18538744,2312,130,42,1216,27,52
18545747,1087,67,73,2257,163,1
18551732,3360,440,68,0,0,0
18566361,2431,175,0,963,18,42
18566501,2676,145,52,0,0,0
18568094,1067,26,9,101,4,4
18570360,186,9,9,934,49,16
18597845,1490,48,19,875,27,34
18598859,0,0,0,3508,129,48
18604097,0,0,0,2397,108,0
18639459,1002,21,50,4316,251,50
18644088,819,8,25,2185,73,27
18648531,1818,114,37,0,0,0
18655517,435,17,21,2188,124,20
18656202,1237,11,12,517,17,19
18695745,891,24,2,30,2,1
18740553,2251,100,60,0,0,0
18852527,771,2,1,0,0,0
18853138,0,0,0,303,0,0
18861011,0,0,0,2254,44,71
18909888,0,0,0,1437,60,21
18925103,0,0,0,55,0,0
18929470,970,56,0,0,0,0
19010160,0,0,0,975,58,1
19017386,2659,145,54,0,0,0
19045334,1969,82,42,0,0,0
19046339,0,0,0,3172,157,73
19048289,0,0,0,2908,74,74
19051631,1716,58,21,0,0,0
19051762,1398,72,30,0,0,0
19054481,105,0,0,161,0,0
19088042,3289,196,29,747,18,38
19090042,0,0,0,952,50,33
19091931,0,0,0,2755,93,51
19091995,1084,41,0,1236,44,32
19092010,1014,43,17,2137,67,0
19101351,1638,22,1,1180,18,46
19102929,1092,57,17,427,3,28
19132527,0,0,0,3187,187,53
19139824,425,0,0,0,0,0
19143114,0,0,0,2968,117,53